This is pdfTeX, Version 3.141592653-2.6-1.40.25 (TeX Live 2023/Debian) (preloaded format=pdflatex 2026.7.21)  10 AUG 2026 10:34
entering extended mode
 restricted \write18 enabled.
 file:line:error style messages enabled.
 %&-line parsing enabled.
**"/home/thongluc/Khóa Luận Tốt Nghiệp/PGA_Unet2D/ACCESS_latex_template_20260513-1-1/ACCESS_latex_template_20260513/access_vietnam.tex"
(/home/thongluc/Khóa Luận Tốt Nghiệp/PGA_Unet2D/ACCESS_latex_template_20260513-1-1/ACCESS_latex_template_20260513/access_vietnam.tex
LaTeX2e <2023-11-01> patch level 1
L3 programming layer <2024-01-22>
(./ieeeaccess.cls (./IEEEtran.cls
Document Class: IEEEtran 2015/08/26 V1.8b by Michael Shell
-- See the "IEEEtran_HOWTO" manual for usage information.
-- http://www.michaelshell.org/tex/ieeetran/
\@IEEEtrantmpdimenA=\dimen140
\@IEEEtrantmpdimenB=\dimen141
\@IEEEtrantmpdimenC=\dimen142
\@IEEEtrantmpcountA=\count187
\@IEEEtrantmpcountB=\count188
\@IEEEtrantmpcountC=\count189
\@IEEEtrantmptoksA=\toks17
LaTeX Font Info:    Trying to load font information for OT1+ptm on input line 503.
(/usr/share/texlive/texmf-dist/tex/latex/psnfss/ot1ptm.fd
File: ot1ptm.fd 2001/06/04 font definitions for OT1/ptm.
)
-- Using 8.5in x 11in (letter) paper.
-- Using PDF output.
\@IEEEnormalsizeunitybaselineskip=\dimen143
-- This is a 10 point document.
\CLASSINFOnormalsizebaselineskip=\dimen144
\CLASSINFOnormalsizeunitybaselineskip=\dimen145
\IEEEnormaljot=\dimen146
LaTeX Font Info:    Font shape `OT1/ptm/bx/n' in size <5> not available
(Font)              Font shape `OT1/ptm/b/n' tried instead on input line 1090.
LaTeX Font Info:    Font shape `OT1/ptm/bx/it' in size <5> not available
(Font)              Font shape `OT1/ptm/b/it' tried instead on input line 1090.
LaTeX Font Info:    Font shape `OT1/ptm/bx/n' in size <7> not available
(Font)              Font shape `OT1/ptm/b/n' tried instead on input line 1090.
LaTeX Font Info:    Font shape `OT1/ptm/bx/it' in size <7> not available
(Font)              Font shape `OT1/ptm/b/it' tried instead on input line 1090.
LaTeX Font Info:    Font shape `OT1/ptm/bx/n' in size <8> not available
(Font)              Font shape `OT1/ptm/b/n' tried instead on input line 1090.
LaTeX Font Info:    Font shape `OT1/ptm/bx/it' in size <8> not available
(Font)              Font shape `OT1/ptm/b/it' tried instead on input line 1090.
LaTeX Font Info:    Font shape `OT1/ptm/bx/n' in size <9> not available
(Font)              Font shape `OT1/ptm/b/n' tried instead on input line 1090.
LaTeX Font Info:    Font shape `OT1/ptm/bx/it' in size <9> not available
(Font)              Font shape `OT1/ptm/b/it' tried instead on input line 1090.
LaTeX Font Info:    Font shape `OT1/ptm/bx/n' in size <10> not available
(Font)              Font shape `OT1/ptm/b/n' tried instead on input line 1090.
LaTeX Font Info:    Font shape `OT1/ptm/bx/it' in size <10> not available
(Font)              Font shape `OT1/ptm/b/it' tried instead on input line 1090.
LaTeX Font Info:    Font shape `OT1/ptm/bx/n' in size <11> not available
(Font)              Font shape `OT1/ptm/b/n' tried instead on input line 1090.
LaTeX Font Info:    Font shape `OT1/ptm/bx/it' in size <11> not available
(Font)              Font shape `OT1/ptm/b/it' tried instead on input line 1090.
LaTeX Font Info:    Font shape `OT1/ptm/bx/n' in size <12> not available
(Font)              Font shape `OT1/ptm/b/n' tried instead on input line 1090.
LaTeX Font Info:    Font shape `OT1/ptm/bx/it' in size <12> not available
(Font)              Font shape `OT1/ptm/b/it' tried instead on input line 1090.
LaTeX Font Info:    Font shape `OT1/ptm/bx/n' in size <17> not available
(Font)              Font shape `OT1/ptm/b/n' tried instead on input line 1090.
LaTeX Font Info:    Font shape `OT1/ptm/bx/it' in size <17> not available
(Font)              Font shape `OT1/ptm/b/it' tried instead on input line 1090.
LaTeX Font Info:    Font shape `OT1/ptm/bx/n' in size <20> not available
(Font)              Font shape `OT1/ptm/b/n' tried instead on input line 1090.
LaTeX Font Info:    Font shape `OT1/ptm/bx/it' in size <20> not available
(Font)              Font shape `OT1/ptm/b/it' tried instead on input line 1090.
LaTeX Font Info:    Font shape `OT1/ptm/bx/n' in size <24> not available
(Font)              Font shape `OT1/ptm/b/n' tried instead on input line 1090.
LaTeX Font Info:    Font shape `OT1/ptm/bx/it' in size <24> not available
(Font)              Font shape `OT1/ptm/b/it' tried instead on input line 1090.
\IEEEquantizedlength=\dimen147
\IEEEquantizedlengthdiff=\dimen148
\IEEEquantizedtextheightdiff=\dimen149
\IEEEilabelindentA=\dimen150
\IEEEilabelindentB=\dimen151
\IEEEilabelindent=\dimen152
\IEEEelabelindent=\dimen153
\IEEEdlabelindent=\dimen154
\IEEElabelindent=\dimen155
\IEEEiednormlabelsep=\dimen156
\IEEEiedmathlabelsep=\dimen157
\IEEEiedtopsep=\skip48
\c@section=\count190
\c@subsection=\count191
\c@subsubsection=\count192
\c@paragraph=\count193
\c@IEEEsubequation=\count194
\abovecaptionskip=\skip49
\belowcaptionskip=\skip50
\c@figure=\count195
\c@table=\count196
\@IEEEeqnnumcols=\count197
\@IEEEeqncolcnt=\count198
\@IEEEsubeqnnumrollback=\count199
\@IEEEquantizeheightA=\dimen158
\@IEEEquantizeheightB=\dimen159
\@IEEEquantizeheightC=\dimen160
\@IEEEquantizeprevdepth=\dimen161
\@IEEEquantizemultiple=\count266
\@IEEEquantizeboxA=\box51
\@IEEEtmpitemindent=\dimen162
\IEEEPARstartletwidth=\dimen163
\c@IEEEbiography=\count267
\@IEEEtranrubishbin=\box52
) (/usr/share/texlive/texmf-dist/tex/generic/iftex/ifpdf.sty
Package: ifpdf 2019/10/25 v3.4 ifpdf legacy package. Use iftex instead.
 (/usr/share/texlive/texmf-dist/tex/generic/iftex/iftex.sty
Package: iftex 2022/02/03 v1.0f TeX engine tests
)) (/usr/share/texlive/texmf-dist/tex/latex/xkeyval/xkeyval.sty
Package: xkeyval 2022/06/16 v2.9 package option processing (HA)
 (/usr/share/texlive/texmf-dist/tex/generic/xkeyval/xkeyval.tex (/usr/share/texlive/texmf-dist/tex/generic/xkeyval/xkvutils.tex
\XKV@toks=\toks18
\XKV@tempa@toks=\toks19
 (/usr/share/texlive/texmf-dist/tex/generic/xkeyval/keyval.tex))
\XKV@depth=\count268
File: xkeyval.tex 2014/12/03 v2.7a key=value parser (HA)
)){/home/thongluc/.texlive2023/texmf-var/fonts/map/pdftex/updmap/pdftex.map}{t1-times.map}{t1-formata.map}{t1-giovannistd.map}
\@draftversionrule=\dimen164
 (/usr/share/texlive/texmf-dist/tex/latex/graphics/color.sty
Package: color 2022/01/06 v1.3d Standard LaTeX Color (DPC)
 (/usr/share/texlive/texmf-dist/tex/latex/graphics-cfg/color.cfg
File: color.cfg 2016/01/02 v1.6 sample color configuration
)
Package color Info: Driver file: pdftex.def on input line 149.
 (/usr/share/texlive/texmf-dist/tex/latex/graphics-def/pdftex.def
File: pdftex.def 2022/09/22 v1.2b Graphics/color driver for pdftex
) (/usr/share/texlive/texmf-dist/tex/latex/graphics/mathcolor.ltx)) (./spotcolor.sty
Package: spotcolor 2006/11/15 v1.2 Package for adding Spot Color support to pdfLaTeX.
 (/usr/share/texlive/texmf-dist/tex/latex/graphics/graphics.sty
Package: graphics 2022/03/10 v1.4e Standard LaTeX Graphics (DPC,SPQR)
 (/usr/share/texlive/texmf-dist/tex/latex/graphics/trig.sty
Package: trig 2021/08/11 v1.11 sin cos tan (DPC)
) (/usr/share/texlive/texmf-dist/tex/latex/graphics-cfg/graphics.cfg
File: graphics.cfg 2016/06/04 v1.11 sample graphics configuration
)
Package graphics Info: Driver file: pdftex.def on input line 107.
)
\thecolorprofile=\count269
\thecolor=\count270
)
\PANTONE=\toks20
Package color Info: Redefining color black on input line 287.
\figbox=\box53
\titlewidth=\skip51
\abstractwidth=\skip52
\c@addrCtr=\count271
\abstractbox=\box54
\indexbox=\box55
\absht=\dimen165
\kwdht=\dimen166
\@tempcntc=\count272
\titlepgskip=\skip53
\maketitlebox=\box56
) (/usr/share/texlive/texmf-dist/tex/latex/base/inputenc.sty
Package: inputenc 2021/02/14 v1.3d Input encoding file
\inpenc@prehook=\toks21
\inpenc@posthook=\toks22
) (/usr/share/texlive/texmf-dist/tex/latex/base/fontenc.sty
Package: fontenc 2021/04/29 v2.0v Standard LaTeX package
 (/home/thongluc/texmf/tex/latex/vntex/t5enc.def
File: t5enc.def 2006/11/21 v1.4 Vietnamese T5 encoding
Now handling font encoding T5 ...
... processing UTF-8 mapping file for font encoding T5
 (/home/thongluc/texmf/tex/latex/vntex/t5enc.dfu
File: t5enc.dfu 2006/08/19 v1.1 UTF8 support for Vietnamese
   defining Unicode char U+00AB (decimal 171)
   defining Unicode char U+00BB (decimal 187)
   defining Unicode char U+00C0 (decimal 192)
   defining Unicode char U+00C1 (decimal 193)
   defining Unicode char U+00C2 (decimal 194)
   defining Unicode char U+00C3 (decimal 195)
   defining Unicode char U+00C8 (decimal 200)
   defining Unicode char U+00C9 (decimal 201)
   defining Unicode char U+00CA (decimal 202)
   defining Unicode char U+00CC (decimal 204)
   defining Unicode char U+00CD (decimal 205)
   defining Unicode char U+00D2 (decimal 210)
   defining Unicode char U+00D3 (decimal 211)
   defining Unicode char U+00D4 (decimal 212)
   defining Unicode char U+00D5 (decimal 213)
   defining Unicode char U+00D9 (decimal 217)
   defining Unicode char U+00DA (decimal 218)
   defining Unicode char U+00DD (decimal 221)
   defining Unicode char U+00E0 (decimal 224)
   defining Unicode char U+00E1 (decimal 225)
   defining Unicode char U+00E2 (decimal 226)
   defining Unicode char U+00E3 (decimal 227)
   defining Unicode char U+00E8 (decimal 232)
   defining Unicode char U+00E9 (decimal 233)
   defining Unicode char U+00EA (decimal 234)
   defining Unicode char U+00EC (decimal 236)
   defining Unicode char U+00ED (decimal 237)
   defining Unicode char U+00F2 (decimal 242)
   defining Unicode char U+00F3 (decimal 243)
   defining Unicode char U+00F4 (decimal 244)
   defining Unicode char U+00F5 (decimal 245)
   defining Unicode char U+00F9 (decimal 249)
   defining Unicode char U+00FA (decimal 250)
   defining Unicode char U+00FD (decimal 253)
   defining Unicode char U+0102 (decimal 258)
   defining Unicode char U+0103 (decimal 259)
   defining Unicode char U+0110 (decimal 272)
   defining Unicode char U+0111 (decimal 273)
   defining Unicode char U+0128 (decimal 296)
   defining Unicode char U+0129 (decimal 297)
   defining Unicode char U+0131 (decimal 305)
   defining Unicode char U+0168 (decimal 360)
   defining Unicode char U+0169 (decimal 361)
   defining Unicode char U+01A0 (decimal 416)
   defining Unicode char U+01A1 (decimal 417)
   defining Unicode char U+01AF (decimal 431)
   defining Unicode char U+01B0 (decimal 432)
   defining Unicode char U+1EA0 (decimal 7840)
   defining Unicode char U+1EA1 (decimal 7841)
   defining Unicode char U+1EA2 (decimal 7842)
   defining Unicode char U+1EA3 (decimal 7843)
   defining Unicode char U+1EA4 (decimal 7844)
   defining Unicode char U+1EA5 (decimal 7845)
   defining Unicode char U+1EA6 (decimal 7846)
   defining Unicode char U+1EA7 (decimal 7847)
   defining Unicode char U+1EA8 (decimal 7848)
   defining Unicode char U+1EA9 (decimal 7849)
   defining Unicode char U+1EAA (decimal 7850)
   defining Unicode char U+1EAB (decimal 7851)
   defining Unicode char U+1EAC (decimal 7852)
   defining Unicode char U+1EAD (decimal 7853)
   defining Unicode char U+1EAE (decimal 7854)
   defining Unicode char U+1EAF (decimal 7855)
   defining Unicode char U+1EB0 (decimal 7856)
   defining Unicode char U+1EB1 (decimal 7857)
   defining Unicode char U+1EB2 (decimal 7858)
   defining Unicode char U+1EB3 (decimal 7859)
   defining Unicode char U+1EB4 (decimal 7860)
   defining Unicode char U+1EB5 (decimal 7861)
   defining Unicode char U+1EB6 (decimal 7862)
   defining Unicode char U+1EB7 (decimal 7863)
   defining Unicode char U+1EB8 (decimal 7864)
   defining Unicode char U+1EB9 (decimal 7865)
   defining Unicode char U+1EBA (decimal 7866)
   defining Unicode char U+1EBB (decimal 7867)
   defining Unicode char U+1EBC (decimal 7868)
   defining Unicode char U+1EBD (decimal 7869)
   defining Unicode char U+1EBE (decimal 7870)
   defining Unicode char U+1EBF (decimal 7871)
   defining Unicode char U+1EC0 (decimal 7872)
   defining Unicode char U+1EC1 (decimal 7873)
   defining Unicode char U+1EC2 (decimal 7874)
   defining Unicode char U+1EC3 (decimal 7875)
   defining Unicode char U+1EC4 (decimal 7876)
   defining Unicode char U+1EC5 (decimal 7877)
   defining Unicode char U+1EC6 (decimal 7878)
   defining Unicode char U+1EC7 (decimal 7879)
   defining Unicode char U+1EC8 (decimal 7880)
   defining Unicode char U+1EC9 (decimal 7881)
   defining Unicode char U+1ECA (decimal 7882)
   defining Unicode char U+1ECB (decimal 7883)
   defining Unicode char U+1ECC (decimal 7884)
   defining Unicode char U+1ECD (decimal 7885)
   defining Unicode char U+1ECE (decimal 7886)
   defining Unicode char U+1ECF (decimal 7887)
   defining Unicode char U+1ED0 (decimal 7888)
   defining Unicode char U+1ED1 (decimal 7889)
   defining Unicode char U+1ED2 (decimal 7890)
   defining Unicode char U+1ED3 (decimal 7891)
   defining Unicode char U+1ED4 (decimal 7892)
   defining Unicode char U+1ED5 (decimal 7893)
   defining Unicode char U+1ED6 (decimal 7894)
   defining Unicode char U+1ED7 (decimal 7895)
   defining Unicode char U+1ED8 (decimal 7896)
   defining Unicode char U+1ED9 (decimal 7897)
   defining Unicode char U+1EDA (decimal 7898)
   defining Unicode char U+1EDB (decimal 7899)
   defining Unicode char U+1EDC (decimal 7900)
   defining Unicode char U+1EDD (decimal 7901)
   defining Unicode char U+1EDE (decimal 7902)
   defining Unicode char U+1EDF (decimal 7903)
   defining Unicode char U+1EE0 (decimal 7904)
   defining Unicode char U+1EE1 (decimal 7905)
   defining Unicode char U+1EE2 (decimal 7906)
   defining Unicode char U+1EE3 (decimal 7907)
   defining Unicode char U+1EE4 (decimal 7908)
   defining Unicode char U+1EE5 (decimal 7909)
   defining Unicode char U+1EE6 (decimal 7910)
   defining Unicode char U+1EE7 (decimal 7911)
   defining Unicode char U+1EE8 (decimal 7912)
   defining Unicode char U+1EE9 (decimal 7913)
   defining Unicode char U+1EEA (decimal 7914)
   defining Unicode char U+1EEB (decimal 7915)
   defining Unicode char U+1EEC (decimal 7916)
   defining Unicode char U+1EED (decimal 7917)
   defining Unicode char U+1EEE (decimal 7918)
   defining Unicode char U+1EEF (decimal 7919)
   defining Unicode char U+1EF0 (decimal 7920)
   defining Unicode char U+1EF1 (decimal 7921)
   defining Unicode char U+1EF2 (decimal 7922)
   defining Unicode char U+1EF3 (decimal 7923)
   defining Unicode char U+1EF4 (decimal 7924)
   defining Unicode char U+1EF5 (decimal 7925)
   defining Unicode char U+1EF6 (decimal 7926)
   defining Unicode char U+1EF7 (decimal 7927)
   defining Unicode char U+1EF8 (decimal 7928)
   defining Unicode char U+1EF9 (decimal 7929)
   defining Unicode char U+200C (decimal 8204)
   defining Unicode char U+2013 (decimal 8211)
   defining Unicode char U+2014 (decimal 8212)
   defining Unicode char U+2018 (decimal 8216)
   defining Unicode char U+2019 (decimal 8217)
   defining Unicode char U+201A (decimal 8218)
   defining Unicode char U+201C (decimal 8220)
   defining Unicode char U+201D (decimal 8221)
   defining Unicode char U+201E (decimal 8222)
   defining Unicode char U+2030 (decimal 8240)
   defining Unicode char U+2031 (decimal 8241)
   defining Unicode char U+2039 (decimal 8249)
   defining Unicode char U+203A (decimal 8250)
   defining Unicode char U+2423 (decimal 9251)
))
LaTeX Font Info:    Trying to load font information for T5+ptm on input line 112.
 (/home/thongluc/texmf/tex/latex/vntex/t5ptm.fd
File: t5utm.fd 2005/08/24 Fontinst v1.929 font definitions for T5/ptm.
)) (/usr/share/texlive/texmf-dist/tex/generic/babel/babel.sty
Package: babel 2024/01/07 v24.1 The Babel package
\babel@savecnt=\count273
\U@D=\dimen167
\l@unhyphenated=\language28
 (/usr/share/texlive/texmf-dist/tex/generic/babel/txtbabel.def)
\bbl@readstream=\read2
\bbl@dirlevel=\count274
 (/usr/share/texlive/texmf-dist/tex/generic/babel-vietnamese/vietnamese.ldf
Language: vietnamese 
 Loading definitions for the Vietnamese font encoding (/home/thongluc/texmf/tex/latex/vntex/t5enc.def
File: t5enc.def 2006/11/21 v1.4 Vietnamese T5 encoding
LaTeX Font Info:    Redeclaring font encoding T5 on input line 75.
)
Package babel Info: Making " an active character on input line 147.
)) (/usr/share/texlive/texmf-dist/tex/generic/babel/locale/vi/babel-vietnamese.tex
Package babel Info: Importing font and identification data for vietnamese
(babel)             from babel-vi.ini. Reported on input line 11.
) (/usr/share/texlive/texmf-dist/tex/latex/cite/cite.sty
LaTeX Info: Redefining \cite on input line 302.
LaTeX Info: Redefining \nocite on input line 332.
Package: cite 2015/02/27  v 5.5
) (/usr/share/texlive/texmf-dist/tex/latex/amsmath/amsmath.sty
Package: amsmath 2023/05/13 v2.17o AMS math features
\@mathmargin=\skip54

For additional information on amsmath, use the `?' option.
(/usr/share/texlive/texmf-dist/tex/latex/amsmath/amstext.sty
Package: amstext 2021/08/26 v2.01 AMS text
 (/usr/share/texlive/texmf-dist/tex/latex/amsmath/amsgen.sty
File: amsgen.sty 1999/11/30 v2.0 generic functions
\@emptytoks=\toks23
\ex@=\dimen168
)) (/usr/share/texlive/texmf-dist/tex/latex/amsmath/amsbsy.sty
Package: amsbsy 1999/11/29 v1.2d Bold Symbols
\pmbraise@=\dimen169
) (/usr/share/texlive/texmf-dist/tex/latex/amsmath/amsopn.sty
Package: amsopn 2022/04/08 v2.04 operator names
)
\inf@bad=\count275
LaTeX Info: Redefining \frac on input line 234.
\uproot@=\count276
\leftroot@=\count277
LaTeX Info: Redefining \overline on input line 399.
LaTeX Info: Redefining \colon on input line 410.
\classnum@=\count278
\DOTSCASE@=\count279
LaTeX Info: Redefining \ldots on input line 496.
LaTeX Info: Redefining \dots on input line 499.
LaTeX Info: Redefining \cdots on input line 620.
\Mathstrutbox@=\box57
\strutbox@=\box58
LaTeX Info: Redefining \big on input line 722.
LaTeX Info: Redefining \Big on input line 723.
LaTeX Info: Redefining \bigg on input line 724.
LaTeX Info: Redefining \Bigg on input line 725.
\big@size=\dimen170
LaTeX Font Info:    Redeclaring font encoding OML on input line 743.
LaTeX Font Info:    Redeclaring font encoding OMS on input line 744.
\macc@depth=\count280
LaTeX Info: Redefining \bmod on input line 905.
LaTeX Info: Redefining \pmod on input line 910.
LaTeX Info: Redefining \smash on input line 940.
LaTeX Info: Redefining \relbar on input line 970.
LaTeX Info: Redefining \Relbar on input line 971.
\c@MaxMatrixCols=\count281
\dotsspace@=\muskip16
\c@parentequation=\count282
\dspbrk@lvl=\count283
\tag@help=\toks24
\row@=\count284
\column@=\count285
\maxfields@=\count286
\andhelp@=\toks25
\eqnshift@=\dimen171
\alignsep@=\dimen172
\tagshift@=\dimen173
\tagwidth@=\dimen174
\totwidth@=\dimen175
\lineht@=\dimen176
\@envbody=\toks26
\multlinegap=\skip55
\multlinetaggap=\skip56
\mathdisplay@stack=\toks27
LaTeX Info: Redefining \[ on input line 2953.
LaTeX Info: Redefining \] on input line 2954.
) (/usr/share/texlive/texmf-dist/tex/latex/amsfonts/amssymb.sty
Package: amssymb 2013/01/14 v3.01 AMS font symbols
 (/usr/share/texlive/texmf-dist/tex/latex/amsfonts/amsfonts.sty
Package: amsfonts 2013/01/14 v3.01 Basic AMSFonts support
\symAMSa=\mathgroup4
\symAMSb=\mathgroup5
LaTeX Font Info:    Redeclaring math symbol \hbar on input line 98.
LaTeX Font Info:    Overwriting math alphabet `\mathfrak' in version `bold'
(Font)                  U/euf/m/n --> U/euf/b/n on input line 106.
)) (/usr/share/texlive/texmf-dist/tex/latex/graphics/graphicx.sty
Package: graphicx 2021/09/16 v1.2d Enhanced LaTeX Graphics (DPC,SPQR)
\Gin@req@height=\dimen177
\Gin@req@width=\dimen178
) (/usr/share/texlive/texmf-dist/tex/latex/base/textcomp.sty
Package: textcomp 2020/02/02 v2.0n Standard LaTeX package
) (/usr/share/texlive/texmf-dist/tex/latex/tools/bm.sty
Package: bm 2023/07/08 v1.2f Bold Symbol Support (DPC/FMi)
\symboldoperators=\mathgroup6
\symboldletters=\mathgroup7
\symboldsymbols=\mathgroup8
Package bm Info: No bold for \OMX/cmex/m/n, using \pmb.
Package bm Info: No bold for \U/msa/m/n, using \pmb.
Package bm Info: No bold for \U/msb/m/n, using \pmb.
LaTeX Font Info:    Redeclaring math alphabet \mathbf on input line 149.
) (/usr/share/texlive/texmf-dist/tex/latex/booktabs/booktabs.sty
Package: booktabs 2020/01/12 v1.61803398 Publication quality tables
\heavyrulewidth=\dimen179
\lightrulewidth=\dimen180
\cmidrulewidth=\dimen181
\belowrulesep=\dimen182
\belowbottomsep=\dimen183
\aboverulesep=\dimen184
\abovetopsep=\dimen185
\cmidrulesep=\dimen186
\cmidrulekern=\dimen187
\defaultaddspace=\dimen188
\@cmidla=\count287
\@cmidlb=\count288
\@aboverulesep=\dimen189
\@belowrulesep=\dimen190
\@thisruleclass=\count289
\@lastruleclass=\count290
\@thisrulewidth=\dimen191
) (/usr/share/texlive/texmf-dist/tex/latex/multirow/multirow.sty
Package: multirow 2021/03/15 v2.8 Span multiple rows of a table
\multirow@colwidth=\skip57
\multirow@cntb=\count291
\multirow@dima=\skip58
\bigstrutjot=\dimen192
) (/usr/share/texlive/texmf-dist/tex/latex/url/url.sty
\Urlmuskip=\muskip17
Package: url 2013/09/16  ver 3.4  Verb mode for urls, etc.
) (/usr/share/texlive/texmf-dist/tex/latex/l3backend/l3backend-pdftex.def
File: l3backend-pdftex.def 2024-01-04 L3 backend support: PDF output (pdfTeX)
\l__color_backend_stack_int=\count292
\l__pdf_internal_box=\box59
) (./access_vietnam.aux)
\openout1 = `access_vietnam.aux'.

LaTeX Font Info:    Checking defaults for OML/cmm/m/it on input line 68.
LaTeX Font Info:    ... okay on input line 68.
LaTeX Font Info:    Checking defaults for OMS/cmsy/m/n on input line 68.
LaTeX Font Info:    ... okay on input line 68.
LaTeX Font Info:    Checking defaults for OT1/cmr/m/n on input line 68.
LaTeX Font Info:    ... okay on input line 68.
LaTeX Font Info:    Checking defaults for T1/cmr/m/n on input line 68.
LaTeX Font Info:    ... okay on input line 68.
LaTeX Font Info:    Checking defaults for TS1/cmr/m/n on input line 68.
LaTeX Font Info:    ... okay on input line 68.
LaTeX Font Info:    Checking defaults for OMX/cmex/m/n on input line 68.
LaTeX Font Info:    ... okay on input line 68.
LaTeX Font Info:    Checking defaults for U/cmr/m/n on input line 68.
LaTeX Font Info:    ... okay on input line 68.
LaTeX Font Info:    Checking defaults for T5/cmr/m/n on input line 68.
LaTeX Font Info:    Trying to load font information for T5+cmr on input line 68.
 (/home/thongluc/texmf/tex/latex/vntex/t5cmr.fd
File: t5cmr.fd 1999/05/25 v2.5h Standard LaTeX font definitions
)
LaTeX Font Info:    ... okay on input line 68.

-- Lines per column: 56 (exact).
\symNewLetters=\mathgroup9
\symxsymbols=\mathgroup10
LaTeX Font Info:    Redeclaring math symbol \ddagger on input line 68.
LaTeX Font Info:    Redeclaring math symbol \dagger on input line 68.
\c@mv@regular=\count293
LaTeX Font Info:    Encoding `OT1' has changed to `T1' for symbol font
(Font)              `operators' in the math version `regular' on input line 68.
LaTeX Font Info:    Overwriting symbol font `operators' in version `regular'
(Font)                  OT1/cmr/m/n --> T1/formata/n/n on input line 68.
LaTeX Font Info:    Overwriting symbol font `NewLetters' in version `regular'
(Font)                  T1/times/n/it --> T1/formata/n/it on input line 68.
LaTeX Font Info:    Overwriting math alphabet `\mathrm' in version `regular'
(Font)                  T1/formata/n/n --> T1/formata/n/n on input line 68.
LaTeX Font Info:    Overwriting math alphabet `\mathit' in version `regular'
(Font)                  OT1/cmr/m/it --> T1/formata/n/it on input line 68.
LaTeX Font Info:    Overwriting math alphabet `\mathbf' in version `regular'
(Font)                  OT1/cmr/bx/n --> T1/formata/m/n on input line 68.
LaTeX Font Info:    Overwriting math alphabet `\mathtt' in version `regular'
(Font)                  OT1/cmtt/m/n --> OT1/pcr/m/n on input line 68.
\c@mv@medium=\count294
LaTeX Font Info:    Encoding `OT1' has changed to `T1' for symbol font
(Font)              `operators' in the math version `medium' on input line 68.
LaTeX Font Info:    Overwriting symbol font `operators' in version `medium'
(Font)                  OT1/cmr/m/n --> T1/formata/m/n on input line 68.
LaTeX Font Info:    Overwriting symbol font `NewLetters' in version `medium'
(Font)                  T1/times/n/it --> T1/formata/m/it on input line 68.
LaTeX Font Info:    Overwriting math alphabet `\mathrm' in version `medium'
(Font)                  > T1/formata/m/n on input line 68.
LaTeX Font Info:    Overwriting math alphabet `\mathit' in version `medium'
(Font)                  OT1/cmr/m/it --> T1/formata/m/it on input line 68.
LaTeX Font Info:    Overwriting math alphabet `\mathbf' in version `medium'
(Font)                  > T1/formata/b/n on input line 68.
LaTeX Font Info:    Overwriting math alphabet `\mathtt' in version `medium'
(Font)                  OT1/cmtt/m/n --> OT1/pcr/b/n on input line 68.
\c@mv@black=\count295
LaTeX Font Info:    Encoding `OT1' has changed to `T1' for symbol font
(Font)              `operators' in the math version `black' on input line 68.
LaTeX Font Info:    Overwriting symbol font `operators' in version `black'
(Font)                  OT1/cmr/m/n --> T1/formata/b/n on input line 68.
LaTeX Font Info:    Overwriting symbol font `NewLetters' in version `black'
(Font)                  T1/times/n/it --> T1/formata/b/it on input line 68.
LaTeX Font Info:    Overwriting math alphabet `\mathrm' in version `black'
(Font)                  > T1/formata/b/n on input line 68.
LaTeX Font Info:    Overwriting math alphabet `\mathit' in version `black'
(Font)                  OT1/cmr/m/it --> T1/formata/b/it on input line 68.
LaTeX Font Info:    Overwriting math alphabet `\mathbf' in version `black'
(Font)                  > T1/formata/b/n on input line 68.
LaTeX Font Info:    Overwriting math alphabet `\mathtt' in version `black'
(Font)                  OT1/cmtt/m/n --> OT1/pcr/b/n on input line 68.
LaTeX Font Info:    Trying to load font information for T1+ptm on input line 68.
(/usr/share/texlive/texmf-dist/tex/latex/psnfss/t1ptm.fd
File: t1ptm.fd 2001/06/04 font definitions for T1/ptm.
)
LaTeX Font Info:    Trying to load font information for T1+times on input line 68.
 (./t1times.fd) (/usr/share/texlive/texmf-dist/tex/context/base/mkii/supp-pdf.mkii
[Loading MPS to PDF converter (version 2006.09.02).]
\scratchcounter=\count296
\scratchdimen=\dimen193
\scratchbox=\box60
\nofMPsegments=\count297
\nofMParguments=\count298
\everyMPshowfont=\toks28
\MPscratchCnt=\count299
\MPscratchDim=\dimen194
\MPnumerator=\count300
\makeMPintoPDFobject=\count301
\everyMPtoPDFconversion=\toks29
) (/usr/share/texlive/texmf-dist/tex/latex/epstopdf-pkg/epstopdf-base.sty
Package: epstopdf-base 2020-01-24 v2.11 Base part for package epstopdf
Package epstopdf-base Info: Redefining graphics rule for `.eps' on input line 485.
 (/usr/share/texlive/texmf-dist/tex/latex/latexconfig/epstopdf-sys.cfg
File: epstopdf-sys.cfg 2010/07/13 v1.3 Configuration of (r)epstopdf for TeX Live
))
LaTeX Font Info:    Redeclaring math version `bold' on input line 68.
LaTeX Font Info:    Encoding `OT1' has changed to `T1' for symbol font
(Font)              `operators' in the math version `bold' on input line 68.
LaTeX Font Info:    Overwriting symbol font `operators' in version `bold'
(Font)                  OT1/cmr/m/n --> T1/times/b/n on input line 68.
LaTeX Font Info:    Overwriting symbol font `NewLetters' in version `bold'
(Font)                  T1/times/n/it --> T1/times/b/it on input line 68.
LaTeX Font Info:    Overwriting math alphabet `\mathrm' in version `bold'
(Font)                  > T1/times/b/n on input line 68.
LaTeX Font Info:    Overwriting math alphabet `\mathit' in version `bold'
(Font)                  OT1/cmr/m/it --> T1/times/b/it on input line 68.
LaTeX Font Info:    Overwriting math alphabet `\mathbf' in version `bold'
(Font)                  > T1/times/b/n on input line 68.
LaTeX Font Info:    Overwriting math alphabet `\mathtt' in version `bold'
(Font)                  OT1/cmtt/m/n --> OT1/pcr/b/n on input line 68.
LaTeX Font Info:    Overwriting symbol font `symbols' in version `bold'
(Font)                  OMS/cmsy/m/n --> OMS/cmsy/b/n on input line 68.
<bullet.png, id=3, 12.045pt x 35.38219pt>
File: bullet.png Graphic file (type png)
<use bullet.png>
Package pdftex.def Info: bullet.png  used on input line 86.
(pdftex.def)             Requested size: 4.99878pt x 14.68387pt.
LaTeX Font Info:    Trying to load font information for T5+formata on input line 86.
LaTeX Font Info:    No file T5formata.fd. on input line 86.


LaTeX Font Warning: Font shape `T5/formata/m/n' undefined
(Font)              using `T5/cmr/m/n' instead on input line 86.

LaTeX Font Info:    Trying to load font information for T5+cmss on input line 86.
(/home/thongluc/texmf/tex/latex/vntex/t5cmss.fd
File: t5cmss.fd 1999/05/25 v2.5h Standard LaTeX font definitions
)
LaTeX Font Info:    Trying to load font information for T5+times on input line 86.
LaTeX Font Info:    No file T5times.fd. on input line 86.


LaTeX Font Warning: Font shape `T5/times/m/n' undefined
(Font)              using `T5/cmr/m/n' instead on input line 86.

LaTeX Font Info:    Trying to load font information for U+msa on input line 87.
(/usr/share/texlive/texmf-dist/tex/latex/amsfonts/umsa.fd
File: umsa.fd 2013/01/14 v3.01 AMS symbols A
)
LaTeX Font Info:    Trying to load font information for U+msb on input line 87.
 (/usr/share/texlive/texmf-dist/tex/latex/amsfonts/umsb.fd
File: umsb.fd 2013/01/14 v3.01 AMS symbols B
)
File: bullet.png Graphic file (type png)
<use bullet.png>
Package pdftex.def Info: bullet.png  used on input line 90.
(pdftex.def)             Requested size: 4.99878pt x 14.68387pt.
LaTeX Font Info:    Calculating math sizes for size <9.9> on input line 95.
LaTeX Font Info:    Calculating math sizes for size <6.6> on input line 95.

Overfull \hbox (9.26668pt too wide) in paragraph at lines 95--95
[]  
 []


Overfull \hbox (9.26668pt too wide) in paragraph at lines 95--95
[]  
 []


/home/thongluc/Khóa Luận Tốt Nghiệp/PGA_Unet2D/ACCESS_latex_template_20260513-1-1/ACCESS_latex_template_20260513/access_vietnam.tex:97: LaTeX Error: Invalid UTF-8 byte "C1.

See the LaTeX manual or LaTeX Companion for explanation.
Type  H <return>  for immediate help.
 ...                                              
                                                  
l.97 \section{Giới thiệu}
                             
The document does not appear to be in UTF-8 encoding.
Try adding \UseRawInputEncoding as the first line of the file
or specify an encoding such as \usepackage [latin1]{inputenc}
in the document preamble.
Alternatively, save the file in UTF-8 using your editor or another tool


/home/thongluc/Khóa Luận Tốt Nghiệp/PGA_Unet2D/ACCESS_latex_template_20260513-1-1/ACCESS_latex_template_20260513/access_vietnam.tex:97: LaTeX Error: Invalid UTF-8 byte "9B.

See the LaTeX manual or LaTeX Companion for explanation.
Type  H <return>  for immediate help.
 ...                                              
                                                  
l.97 \section{Giới thiệu}
                             
The document does not appear to be in UTF-8 encoding.
Try adding \UseRawInputEncoding as the first line of the file
or specify an encoding such as \usepackage [latin1]{inputenc}
in the document preamble.
Alternatively, save the file in UTF-8 using your editor or another tool


/home/thongluc/Khóa Luận Tốt Nghiệp/PGA_Unet2D/ACCESS_latex_template_20260513-1-1/ACCESS_latex_template_20260513/access_vietnam.tex:97: LaTeX Error: Invalid UTF-8 byte "9B.

See the LaTeX manual or LaTeX Companion for explanation.
Type  H <return>  for immediate help.
 ...                                              
                                                  
l.97 \section{Giới thiệu}
                             
The document does not appear to be in UTF-8 encoding.
Try adding \UseRawInputEncoding as the first line of the file
or specify an encoding such as \usepackage [latin1]{inputenc}
in the document preamble.
Alternatively, save the file in UTF-8 using your editor or another tool


/home/thongluc/Khóa Luận Tốt Nghiệp/PGA_Unet2D/ACCESS_latex_template_20260513-1-1/ACCESS_latex_template_20260513/access_vietnam.tex:97: LaTeX Error: Invalid UTF-8 byte "C1.

See the LaTeX manual or LaTeX Companion for explanation.
Type  H <return>  for immediate help.
 ...                                              
                                                  
l.97 \section{Giới thiệu}
                             
The document does not appear to be in UTF-8 encoding.
Try adding \UseRawInputEncoding as the first line of the file
or specify an encoding such as \usepackage [latin1]{inputenc}
in the document preamble.
Alternatively, save the file in UTF-8 using your editor or another tool


/home/thongluc/Khóa Luận Tốt Nghiệp/PGA_Unet2D/ACCESS_latex_template_20260513-1-1/ACCESS_latex_template_20260513/access_vietnam.tex:97: LaTeX Error: Invalid UTF-8 byte "9B.

See the LaTeX manual or LaTeX Companion for explanation.
Type  H <return>  for immediate help.
 ...                                              
                                                  
l.97 \section{Giới thiệu}
                             
The document does not appear to be in UTF-8 encoding.
Try adding \UseRawInputEncoding as the first line of the file
or specify an encoding such as \usepackage [latin1]{inputenc}
in the document preamble.
Alternatively, save the file in UTF-8 using your editor or another tool


/home/thongluc/Khóa Luận Tốt Nghiệp/PGA_Unet2D/ACCESS_latex_template_20260513-1-1/ACCESS_latex_template_20260513/access_vietnam.tex:97: LaTeX Error: Invalid UTF-8 byte "87.

See the LaTeX manual or LaTeX Companion for explanation.
Type  H <return>  for immediate help.
 ...                                              
                                                  
l.97 \section{Giới thiệu}
                             
The document does not appear to be in UTF-8 encoding.
Try adding \UseRawInputEncoding as the first line of the file
or specify an encoding such as \usepackage [latin1]{inputenc}
in the document preamble.
Alternatively, save the file in UTF-8 using your editor or another tool


LaTeX Warning: Citation `b1' on page 1 undefined on input line 101.


LaTeX Warning: Citation `b2' on page 1 undefined on input line 101.


Underfull \vbox (badness 1215) has occurred while \output is active []


Underfull \vbox (badness 10000) has occurred while \output is active []

<logo.png, id=4, 206.27063pt x 53.44969pt>
File: logo.png Graphic file (type png)
<use logo.png>
Package pdftex.def Info: logo.png  used on input line 107.
(pdftex.def)             Requested size: 91.32pt x 23.66309pt.

Overfull \hbox (505.12177pt too wide) has occurred while \output is active
[]
 []


Overfull \hbox (505.12177pt too wide) has occurred while \output is active
[]
 []


Overfull \hbox (505.12177pt too wide) has occurred while \output is active
[]
 []


Underfull \hbox (badness 10000) has occurred while \output is active
[]
 []

[1


 <./logo.png> <./bullet.png>]

LaTeX Warning: Citation `b3' on page 2 undefined on input line 114.


LaTeX Warning: Citation `b4' on page 2 undefined on input line 114.


LaTeX Warning: Citation `b5' on page 2 undefined on input line 114.


LaTeX Warning: Citation `b6' on page 2 undefined on input line 114.


LaTeX Warning: Citation `b1' on page 2 undefined on input line 116.


LaTeX Warning: Citation `b2' on page 2 undefined on input line 116.


LaTeX Warning: Citation `b9' on page 2 undefined on input line 116.


/home/thongluc/Khóa Luận Tốt Nghiệp/PGA_Unet2D/ACCESS_latex_template_20260513-1-1/ACCESS_latex_template_20260513/access_vietnam.tex:118: LaTeX Error: Unicode character Ɛ (U+0190)
               not set up for use with LaTeX.

See the LaTeX manual or LaTeX Companion for explanation.
Type  H <return>  for immediate help.
 ...                                              
                                                  
l.118 \section{Phương pháp}
                              
You may provide a definition with
\DeclareUnicodeCharacter 


/home/thongluc/Khóa Luận Tốt Nghiệp/PGA_Unet2D/ACCESS_latex_template_20260513-1-1/ACCESS_latex_template_20260513/access_vietnam.tex:118: LaTeX Error: Unicode character Ɓ (U+0181)
               not set up for use with LaTeX.

See the LaTeX manual or LaTeX Companion for explanation.
Type  H <return>  for immediate help.
 ...                                              
                                                  
l.118 \section{Phương pháp}
                              
You may provide a definition with
\DeclareUnicodeCharacter 


LaTeX Font Warning: Font shape `T5/cmss/m/it' in size <9> not available
(Font)              Font shape `T5/cmss/m/sl' tried instead on input line 119.


/home/thongluc/Khóa Luận Tốt Nghiệp/PGA_Unet2D/ACCESS_latex_template_20260513-1-1/ACCESS_latex_template_20260513/access_vietnam.tex:119: LaTeX Error: Invalid UTF-8 byte "C1.

See the LaTeX manual or LaTeX Companion for explanation.
Type  H <return>  for immediate help.
 ...                                              
                                                  
l.119 \subsection{Thiết lập bài toán}
                                           
The document does not appear to be in UTF-8 encoding.
Try adding \UseRawInputEncoding as the first line of the file
or specify an encoding such as \usepackage [latin1]{inputenc}
in the document preamble.
Alternatively, save the file in UTF-8 using your editor or another tool


/home/thongluc/Khóa Luận Tốt Nghiệp/PGA_Unet2D/ACCESS_latex_template_20260513-1-1/ACCESS_latex_template_20260513/access_vietnam.tex:119: LaTeX Error: Invalid UTF-8 byte "9A.

See the LaTeX manual or LaTeX Companion for explanation.
Type  H <return>  for immediate help.
 ...                                              
                                                  
l.119 \subsection{Thiết lập bài toán}
                                           
The document does not appear to be in UTF-8 encoding.
Try adding \UseRawInputEncoding as the first line of the file
or specify an encoding such as \usepackage [latin1]{inputenc}
in the document preamble.
Alternatively, save the file in UTF-8 using your editor or another tool


/home/thongluc/Khóa Luận Tốt Nghiệp/PGA_Unet2D/ACCESS_latex_template_20260513-1-1/ACCESS_latex_template_20260513/access_vietnam.tex:119: LaTeX Error: Invalid UTF-8 byte "BF.

See the LaTeX manual or LaTeX Companion for explanation.
Type  H <return>  for immediate help.
 ...                                              
                                                  
l.119 \subsection{Thiết lập bài toán}
                                           
The document does not appear to be in UTF-8 encoding.
Try adding \UseRawInputEncoding as the first line of the file
or specify an encoding such as \usepackage [latin1]{inputenc}
in the document preamble.
Alternatively, save the file in UTF-8 using your editor or another tool


/home/thongluc/Khóa Luận Tốt Nghiệp/PGA_Unet2D/ACCESS_latex_template_20260513-1-1/ACCESS_latex_template_20260513/access_vietnam.tex:119: LaTeX Error: Invalid UTF-8 byte "C1.

See the LaTeX manual or LaTeX Companion for explanation.
Type  H <return>  for immediate help.
 ...                                              
                                                  
l.119 \subsection{Thiết lập bài toán}
                                           
The document does not appear to be in UTF-8 encoding.
Try adding \UseRawInputEncoding as the first line of the file
or specify an encoding such as \usepackage [latin1]{inputenc}
in the document preamble.
Alternatively, save the file in UTF-8 using your editor or another tool


/home/thongluc/Khóa Luận Tốt Nghiệp/PGA_Unet2D/ACCESS_latex_template_20260513-1-1/ACCESS_latex_template_20260513/access_vietnam.tex:119: LaTeX Error: Invalid UTF-8 byte "9A.

See the LaTeX manual or LaTeX Companion for explanation.
Type  H <return>  for immediate help.
 ...                                              
                                                  
l.119 \subsection{Thiết lập bài toán}
                                           
The document does not appear to be in UTF-8 encoding.
Try adding \UseRawInputEncoding as the first line of the file
or specify an encoding such as \usepackage [latin1]{inputenc}
in the document preamble.
Alternatively, save the file in UTF-8 using your editor or another tool


/home/thongluc/Khóa Luận Tốt Nghiệp/PGA_Unet2D/ACCESS_latex_template_20260513-1-1/ACCESS_latex_template_20260513/access_vietnam.tex:119: LaTeX Error: Invalid UTF-8 byte "8D.

See the LaTeX manual or LaTeX Companion for explanation.
Type  H <return>  for immediate help.
 ...                                              
                                                  
l.119 \subsection{Thiết lập bài toán}
                                           
The document does not appear to be in UTF-8 encoding.
Try adding \UseRawInputEncoding as the first line of the file
or specify an encoding such as \usepackage [latin1]{inputenc}
in the document preamble.
Alternatively, save the file in UTF-8 using your editor or another tool


/home/thongluc/Khóa Luận Tốt Nghiệp/PGA_Unet2D/ACCESS_latex_template_20260513-1-1/ACCESS_latex_template_20260513/access_vietnam.tex:125: LaTeX Error: Invalid UTF-8 byte "C1.

See the LaTeX manual or LaTeX Companion for explanation.
Type  H <return>  for immediate help.
 ...                                              
                                                  
l.125 \subsection{Biểu diễn câu nhắc}
                                            
The document does not appear to be in UTF-8 encoding.
Try adding \UseRawInputEncoding as the first line of the file
or specify an encoding such as \usepackage [latin1]{inputenc}
in the document preamble.
Alternatively, save the file in UTF-8 using your editor or another tool


/home/thongluc/Khóa Luận Tốt Nghiệp/PGA_Unet2D/ACCESS_latex_template_20260513-1-1/ACCESS_latex_template_20260513/access_vietnam.tex:125: LaTeX Error: Invalid UTF-8 byte "9B.

See the LaTeX manual or LaTeX Companion for explanation.
Type  H <return>  for immediate help.
 ...                                              
                                                  
l.125 \subsection{Biểu diễn câu nhắc}
                                            
The document does not appear to be in UTF-8 encoding.
Try adding \UseRawInputEncoding as the first line of the file
or specify an encoding such as \usepackage [latin1]{inputenc}
in the document preamble.
Alternatively, save the file in UTF-8 using your editor or another tool


/home/thongluc/Khóa Luận Tốt Nghiệp/PGA_Unet2D/ACCESS_latex_template_20260513-1-1/ACCESS_latex_template_20260513/access_vietnam.tex:125: LaTeX Error: Invalid UTF-8 byte "83.

See the LaTeX manual or LaTeX Companion for explanation.
Type  H <return>  for immediate help.
 ...                                              
                                                  
l.125 \subsection{Biểu diễn câu nhắc}
                                            
The document does not appear to be in UTF-8 encoding.
Try adding \UseRawInputEncoding as the first line of the file
or specify an encoding such as \usepackage [latin1]{inputenc}
in the document preamble.
Alternatively, save the file in UTF-8 using your editor or another tool


/home/thongluc/Khóa Luận Tốt Nghiệp/PGA_Unet2D/ACCESS_latex_template_20260513-1-1/ACCESS_latex_template_20260513/access_vietnam.tex:125: LaTeX Error: Invalid UTF-8 byte "C1.

See the LaTeX manual or LaTeX Companion for explanation.
Type  H <return>  for immediate help.
 ...                                              
                                                  
l.125 \subsection{Biểu diễn câu nhắc}
                                            
The document does not appear to be in UTF-8 encoding.
Try adding \UseRawInputEncoding as the first line of the file
or specify an encoding such as \usepackage [latin1]{inputenc}
in the document preamble.
Alternatively, save the file in UTF-8 using your editor or another tool


/home/thongluc/Khóa Luận Tốt Nghiệp/PGA_Unet2D/ACCESS_latex_template_20260513-1-1/ACCESS_latex_template_20260513/access_vietnam.tex:125: LaTeX Error: Invalid UTF-8 byte "9B.

See the LaTeX manual or LaTeX Companion for explanation.
Type  H <return>  for immediate help.
 ...                                              
                                                  
l.125 \subsection{Biểu diễn câu nhắc}
                                            
The document does not appear to be in UTF-8 encoding.
Try adding \UseRawInputEncoding as the first line of the file
or specify an encoding such as \usepackage [latin1]{inputenc}
in the document preamble.
Alternatively, save the file in UTF-8 using your editor or another tool


/home/thongluc/Khóa Luận Tốt Nghiệp/PGA_Unet2D/ACCESS_latex_template_20260513-1-1/ACCESS_latex_template_20260513/access_vietnam.tex:125: LaTeX Error: Invalid UTF-8 byte "85.

See the LaTeX manual or LaTeX Companion for explanation.
Type  H <return>  for immediate help.
 ...                                              
                                                  
l.125 \subsection{Biểu diễn câu nhắc}
                                            
The document does not appear to be in UTF-8 encoding.
Try adding \UseRawInputEncoding as the first line of the file
or specify an encoding such as \usepackage [latin1]{inputenc}
in the document preamble.
Alternatively, save the file in UTF-8 using your editor or another tool


/home/thongluc/Khóa Luận Tốt Nghiệp/PGA_Unet2D/ACCESS_latex_template_20260513-1-1/ACCESS_latex_template_20260513/access_vietnam.tex:125: LaTeX Error: Invalid UTF-8 byte "C1.

See the LaTeX manual or LaTeX Companion for explanation.
Type  H <return>  for immediate help.
 ...                                              
                                                  
l.125 \subsection{Biểu diễn câu nhắc}
                                            
The document does not appear to be in UTF-8 encoding.
Try adding \UseRawInputEncoding as the first line of the file
or specify an encoding such as \usepackage [latin1]{inputenc}
in the document preamble.
Alternatively, save the file in UTF-8 using your editor or another tool


/home/thongluc/Khóa Luận Tốt Nghiệp/PGA_Unet2D/ACCESS_latex_template_20260513-1-1/ACCESS_latex_template_20260513/access_vietnam.tex:125: LaTeX Error: Invalid UTF-8 byte "9A.

See the LaTeX manual or LaTeX Companion for explanation.
Type  H <return>  for immediate help.
 ...                                              
                                                  
l.125 \subsection{Biểu diễn câu nhắc}
                                            
The document does not appear to be in UTF-8 encoding.
Try adding \UseRawInputEncoding as the first line of the file
or specify an encoding such as \usepackage [latin1]{inputenc}
in the document preamble.
Alternatively, save the file in UTF-8 using your editor or another tool


/home/thongluc/Khóa Luận Tốt Nghiệp/PGA_Unet2D/ACCESS_latex_template_20260513-1-1/ACCESS_latex_template_20260513/access_vietnam.tex:125: LaTeX Error: Invalid UTF-8 byte "8F.

See the LaTeX manual or LaTeX Companion for explanation.
Type  H <return>  for immediate help.
 ...                                              
                                                  
l.125 \subsection{Biểu diễn câu nhắc}
                                            
The document does not appear to be in UTF-8 encoding.
Try adding \UseRawInputEncoding as the first line of the file
or specify an encoding such as \usepackage [latin1]{inputenc}
in the document preamble.
Alternatively, save the file in UTF-8 using your editor or another tool

<notaglinelogo.png, id=22, 169.38281pt x 42.91031pt>
File: notaglinelogo.png Graphic file (type png)
<use notaglinelogo.png>
Package pdftex.def Info: notaglinelogo.png  used on input line 150.
(pdftex.def)             Requested size: 91.32pt x 23.1352pt.

Overfull \hbox (505.12177pt too wide) has occurred while \output is active
[]
 []


Overfull \hbox (505.12177pt too wide) has occurred while \output is active
[]
 []


Underfull \hbox (badness 10000) has occurred while \output is active
[]
 []

[2 <./notaglinelogo.png>]
<images/architecture_pga_unet.png, id=35, 1445.4pt x 813.0375pt>
File: images/architecture_pga_unet.png Graphic file (type png)
<use images/architecture_pga_unet.png>
Package pdftex.def Info: images/architecture_pga_unet.png  used on input line 153.
(pdftex.def)             Requested size: 242.67355pt x 136.50252pt.


/home/thongluc/Khóa Luận Tốt Nghiệp/PGA_Unet2D/ACCESS_latex_template_20260513-1-1/ACCESS_latex_template_20260513/access_vietnam.tex:158: LaTeX Error: Invalid UTF-8 byte "C1.

See the LaTeX manual or LaTeX Companion for explanation.
Type  H <return>  for immediate help.
 ...                                              
                                                  
l.158 \section{Thiết lập thực nghiệm}
                                             
The document does not appear to be in UTF-8 encoding.
Try adding \UseRawInputEncoding as the first line of the file
or specify an encoding such as \usepackage [latin1]{inputenc}
in the document preamble.
Alternatively, save the file in UTF-8 using your editor or another tool


/home/thongluc/Khóa Luận Tốt Nghiệp/PGA_Unet2D/ACCESS_latex_template_20260513-1-1/ACCESS_latex_template_20260513/access_vietnam.tex:158: LaTeX Error: Invalid UTF-8 byte "9A.

See the LaTeX manual or LaTeX Companion for explanation.
Type  H <return>  for immediate help.
 ...                                              
                                                  
l.158 \section{Thiết lập thực nghiệm}
                                             
The document does not appear to be in UTF-8 encoding.
Try adding \UseRawInputEncoding as the first line of the file
or specify an encoding such as \usepackage [latin1]{inputenc}
in the document preamble.
Alternatively, save the file in UTF-8 using your editor or another tool


/home/thongluc/Khóa Luận Tốt Nghiệp/PGA_Unet2D/ACCESS_latex_template_20260513-1-1/ACCESS_latex_template_20260513/access_vietnam.tex:158: LaTeX Error: Invalid UTF-8 byte "BF.

See the LaTeX manual or LaTeX Companion for explanation.
Type  H <return>  for immediate help.
 ...                                              
                                                  
l.158 \section{Thiết lập thực nghiệm}
                                             
The document does not appear to be in UTF-8 encoding.
Try adding \UseRawInputEncoding as the first line of the file
or specify an encoding such as \usepackage [latin1]{inputenc}
in the document preamble.
Alternatively, save the file in UTF-8 using your editor or another tool


/home/thongluc/Khóa Luận Tốt Nghiệp/PGA_Unet2D/ACCESS_latex_template_20260513-1-1/ACCESS_latex_template_20260513/access_vietnam.tex:158: LaTeX Error: Invalid UTF-8 byte "C1.

See the LaTeX manual or LaTeX Companion for explanation.
Type  H <return>  for immediate help.
 ...                                              
                                                  
l.158 \section{Thiết lập thực nghiệm}
                                             
The document does not appear to be in UTF-8 encoding.
Try adding \UseRawInputEncoding as the first line of the file
or specify an encoding such as \usepackage [latin1]{inputenc}
in the document preamble.
Alternatively, save the file in UTF-8 using your editor or another tool


/home/thongluc/Khóa Luận Tốt Nghiệp/PGA_Unet2D/ACCESS_latex_template_20260513-1-1/ACCESS_latex_template_20260513/access_vietnam.tex:158: LaTeX Error: Invalid UTF-8 byte "9A.

See the LaTeX manual or LaTeX Companion for explanation.
Type  H <return>  for immediate help.
 ...                                              
                                                  
l.158 \section{Thiết lập thực nghiệm}
                                             
The document does not appear to be in UTF-8 encoding.
Try adding \UseRawInputEncoding as the first line of the file
or specify an encoding such as \usepackage [latin1]{inputenc}
in the document preamble.
Alternatively, save the file in UTF-8 using your editor or another tool


/home/thongluc/Khóa Luận Tốt Nghiệp/PGA_Unet2D/ACCESS_latex_template_20260513-1-1/ACCESS_latex_template_20260513/access_vietnam.tex:158: LaTeX Error: Invalid UTF-8 byte "8D.

See the LaTeX manual or LaTeX Companion for explanation.
Type  H <return>  for immediate help.
 ...                                              
                                                  
l.158 \section{Thiết lập thực nghiệm}
                                             
The document does not appear to be in UTF-8 encoding.
Try adding \UseRawInputEncoding as the first line of the file
or specify an encoding such as \usepackage [latin1]{inputenc}
in the document preamble.
Alternatively, save the file in UTF-8 using your editor or another tool


/home/thongluc/Khóa Luận Tốt Nghiệp/PGA_Unet2D/ACCESS_latex_template_20260513-1-1/ACCESS_latex_template_20260513/access_vietnam.tex:158: LaTeX Error: Invalid UTF-8 byte "C1.

See the LaTeX manual or LaTeX Companion for explanation.
Type  H <return>  for immediate help.
 ...                                              
                                                  
l.158 \section{Thiết lập thực nghiệm}
                                             
The document does not appear to be in UTF-8 encoding.
Try adding \UseRawInputEncoding as the first line of the file
or specify an encoding such as \usepackage [latin1]{inputenc}
in the document preamble.
Alternatively, save the file in UTF-8 using your editor or another tool


/home/thongluc/Khóa Luận Tốt Nghiệp/PGA_Unet2D/ACCESS_latex_template_20260513-1-1/ACCESS_latex_template_20260513/access_vietnam.tex:158: LaTeX Error: Invalid UTF-8 byte "9B.

See the LaTeX manual or LaTeX Companion for explanation.
Type  H <return>  for immediate help.
 ...                                              
                                                  
l.158 \section{Thiết lập thực nghiệm}
                                             
The document does not appear to be in UTF-8 encoding.
Try adding \UseRawInputEncoding as the first line of the file
or specify an encoding such as \usepackage [latin1]{inputenc}
in the document preamble.
Alternatively, save the file in UTF-8 using your editor or another tool


/home/thongluc/Khóa Luận Tốt Nghiệp/PGA_Unet2D/ACCESS_latex_template_20260513-1-1/ACCESS_latex_template_20260513/access_vietnam.tex:158: LaTeX Error: Invalid UTF-8 byte "91.

See the LaTeX manual or LaTeX Companion for explanation.
Type  H <return>  for immediate help.
 ...                                              
                                                  
l.158 \section{Thiết lập thực nghiệm}
                                             
The document does not appear to be in UTF-8 encoding.
Try adding \UseRawInputEncoding as the first line of the file
or specify an encoding such as \usepackage [latin1]{inputenc}
in the document preamble.
Alternatively, save the file in UTF-8 using your editor or another tool


/home/thongluc/Khóa Luận Tốt Nghiệp/PGA_Unet2D/ACCESS_latex_template_20260513-1-1/ACCESS_latex_template_20260513/access_vietnam.tex:158: LaTeX Error: Invalid UTF-8 byte "C1.

See the LaTeX manual or LaTeX Companion for explanation.
Type  H <return>  for immediate help.
 ...                                              
                                                  
l.158 \section{Thiết lập thực nghiệm}
                                             
The document does not appear to be in UTF-8 encoding.
Try adding \UseRawInputEncoding as the first line of the file
or specify an encoding such as \usepackage [latin1]{inputenc}
in the document preamble.
Alternatively, save the file in UTF-8 using your editor or another tool


/home/thongluc/Khóa Luận Tốt Nghiệp/PGA_Unet2D/ACCESS_latex_template_20260513-1-1/ACCESS_latex_template_20260513/access_vietnam.tex:158: LaTeX Error: Invalid UTF-8 byte "9B.

See the LaTeX manual or LaTeX Companion for explanation.
Type  H <return>  for immediate help.
 ...                                              
                                                  
l.158 \section{Thiết lập thực nghiệm}
                                             
The document does not appear to be in UTF-8 encoding.
Try adding \UseRawInputEncoding as the first line of the file
or specify an encoding such as \usepackage [latin1]{inputenc}
in the document preamble.
Alternatively, save the file in UTF-8 using your editor or another tool


/home/thongluc/Khóa Luận Tốt Nghiệp/PGA_Unet2D/ACCESS_latex_template_20260513-1-1/ACCESS_latex_template_20260513/access_vietnam.tex:158: LaTeX Error: Invalid UTF-8 byte "87.

See the LaTeX manual or LaTeX Companion for explanation.
Type  H <return>  for immediate help.
 ...                                              
                                                  
l.158 \section{Thiết lập thực nghiệm}
                                             
The document does not appear to be in UTF-8 encoding.
Try adding \UseRawInputEncoding as the first line of the file
or specify an encoding such as \usepackage [latin1]{inputenc}
in the document preamble.
Alternatively, save the file in UTF-8 using your editor or another tool


/home/thongluc/Khóa Luận Tốt Nghiệp/PGA_Unet2D/ACCESS_latex_template_20260513-1-1/ACCESS_latex_template_20260513/access_vietnam.tex:159: LaTeX Error: Invalid UTF-8 byte "C1.

See the LaTeX manual or LaTeX Companion for explanation.
Type  H <return>  for immediate help.
 ...                                              
                                                  
l.159 \subsection{Bộ dữ liệu}
                                   
The document does not appear to be in UTF-8 encoding.
Try adding \UseRawInputEncoding as the first line of the file
or specify an encoding such as \usepackage [latin1]{inputenc}
in the document preamble.
Alternatively, save the file in UTF-8 using your editor or another tool


/home/thongluc/Khóa Luận Tốt Nghiệp/PGA_Unet2D/ACCESS_latex_template_20260513-1-1/ACCESS_latex_template_20260513/access_vietnam.tex:159: LaTeX Error: Invalid UTF-8 byte "9B.

See the LaTeX manual or LaTeX Companion for explanation.
Type  H <return>  for immediate help.
 ...                                              
                                                  
l.159 \subsection{Bộ dữ liệu}
                                   
The document does not appear to be in UTF-8 encoding.
Try adding \UseRawInputEncoding as the first line of the file
or specify an encoding such as \usepackage [latin1]{inputenc}
in the document preamble.
Alternatively, save the file in UTF-8 using your editor or another tool


/home/thongluc/Khóa Luận Tốt Nghiệp/PGA_Unet2D/ACCESS_latex_template_20260513-1-1/ACCESS_latex_template_20260513/access_vietnam.tex:159: LaTeX Error: Invalid UTF-8 byte "99.

See the LaTeX manual or LaTeX Companion for explanation.
Type  H <return>  for immediate help.
 ...                                              
                                                  
l.159 \subsection{Bộ dữ liệu}
                                   
The document does not appear to be in UTF-8 encoding.
Try adding \UseRawInputEncoding as the first line of the file
or specify an encoding such as \usepackage [latin1]{inputenc}
in the document preamble.
Alternatively, save the file in UTF-8 using your editor or another tool


/home/thongluc/Khóa Luận Tốt Nghiệp/PGA_Unet2D/ACCESS_latex_template_20260513-1-1/ACCESS_latex_template_20260513/access_vietnam.tex:159: LaTeX Error: Invalid UTF-8 byte "C1.

See the LaTeX manual or LaTeX Companion for explanation.
Type  H <return>  for immediate help.
 ...                                              
                                                  
l.159 \subsection{Bộ dữ liệu}
                                   
The document does not appear to be in UTF-8 encoding.
Try adding \UseRawInputEncoding as the first line of the file
or specify an encoding such as \usepackage [latin1]{inputenc}
in the document preamble.
Alternatively, save the file in UTF-8 using your editor or another tool


/home/thongluc/Khóa Luận Tốt Nghiệp/PGA_Unet2D/ACCESS_latex_template_20260513-1-1/ACCESS_latex_template_20260513/access_vietnam.tex:159: LaTeX Error: Invalid UTF-8 byte "9B.

See the LaTeX manual or LaTeX Companion for explanation.
Type  H <return>  for immediate help.
 ...                                              
                                                  
l.159 \subsection{Bộ dữ liệu}
                                   
The document does not appear to be in UTF-8 encoding.
Try adding \UseRawInputEncoding as the first line of the file
or specify an encoding such as \usepackage [latin1]{inputenc}
in the document preamble.
Alternatively, save the file in UTF-8 using your editor or another tool


/home/thongluc/Khóa Luận Tốt Nghiệp/PGA_Unet2D/ACCESS_latex_template_20260513-1-1/ACCESS_latex_template_20260513/access_vietnam.tex:159: LaTeX Error: Invalid UTF-8 byte "8F.

See the LaTeX manual or LaTeX Companion for explanation.
Type  H <return>  for immediate help.
 ...                                              
                                                  
l.159 \subsection{Bộ dữ liệu}
                                   
The document does not appear to be in UTF-8 encoding.
Try adding \UseRawInputEncoding as the first line of the file
or specify an encoding such as \usepackage [latin1]{inputenc}
in the document preamble.
Alternatively, save the file in UTF-8 using your editor or another tool


/home/thongluc/Khóa Luận Tốt Nghiệp/PGA_Unet2D/ACCESS_latex_template_20260513-1-1/ACCESS_latex_template_20260513/access_vietnam.tex:159: LaTeX Error: Invalid UTF-8 byte "C1.

See the LaTeX manual or LaTeX Companion for explanation.
Type  H <return>  for immediate help.
 ...                                              
                                                  
l.159 \subsection{Bộ dữ liệu}
                                   
The document does not appear to be in UTF-8 encoding.
Try adding \UseRawInputEncoding as the first line of the file
or specify an encoding such as \usepackage [latin1]{inputenc}
in the document preamble.
Alternatively, save the file in UTF-8 using your editor or another tool


/home/thongluc/Khóa Luận Tốt Nghiệp/PGA_Unet2D/ACCESS_latex_template_20260513-1-1/ACCESS_latex_template_20260513/access_vietnam.tex:159: LaTeX Error: Invalid UTF-8 byte "9B.

See the LaTeX manual or LaTeX Companion for explanation.
Type  H <return>  for immediate help.
 ...                                              
                                                  
l.159 \subsection{Bộ dữ liệu}
                                   
The document does not appear to be in UTF-8 encoding.
Try adding \UseRawInputEncoding as the first line of the file
or specify an encoding such as \usepackage [latin1]{inputenc}
in the document preamble.
Alternatively, save the file in UTF-8 using your editor or another tool


/home/thongluc/Khóa Luận Tốt Nghiệp/PGA_Unet2D/ACCESS_latex_template_20260513-1-1/ACCESS_latex_template_20260513/access_vietnam.tex:159: LaTeX Error: Invalid UTF-8 byte "87.

See the LaTeX manual or LaTeX Companion for explanation.
Type  H <return>  for immediate help.
 ...                                              
                                                  
l.159 \subsection{Bộ dữ liệu}
                                   
The document does not appear to be in UTF-8 encoding.
Try adding \UseRawInputEncoding as the first line of the file
or specify an encoding such as \usepackage [latin1]{inputenc}
in the document preamble.
Alternatively, save the file in UTF-8 using your editor or another tool


LaTeX Warning: Citation `b7' on page 3 undefined on input line 160.


LaTeX Warning: Citation `b8' on page 3 undefined on input line 160.


/home/thongluc/Khóa Luận Tốt Nghiệp/PGA_Unet2D/ACCESS_latex_template_20260513-1-1/ACCESS_latex_template_20260513/access_vietnam.tex:166: LaTeX Error: Invalid UTF-8 byte "C1.

See the LaTeX manual or LaTeX Companion for explanation.
Type  H <return>  for immediate help.
 ...                                              
                                                  
l.166 \subsection{Chi tiết huấn luyện}
                                            
The document does not appear to be in UTF-8 encoding.
Try adding \UseRawInputEncoding as the first line of the file
or specify an encoding such as \usepackage [latin1]{inputenc}
in the document preamble.
Alternatively, save the file in UTF-8 using your editor or another tool


/home/thongluc/Khóa Luận Tốt Nghiệp/PGA_Unet2D/ACCESS_latex_template_20260513-1-1/ACCESS_latex_template_20260513/access_vietnam.tex:166: LaTeX Error: Invalid UTF-8 byte "9A.

See the LaTeX manual or LaTeX Companion for explanation.
Type  H <return>  for immediate help.
 ...                                              
                                                  
l.166 \subsection{Chi tiết huấn luyện}
                                            
The document does not appear to be in UTF-8 encoding.
Try adding \UseRawInputEncoding as the first line of the file
or specify an encoding such as \usepackage [latin1]{inputenc}
in the document preamble.
Alternatively, save the file in UTF-8 using your editor or another tool


/home/thongluc/Khóa Luận Tốt Nghiệp/PGA_Unet2D/ACCESS_latex_template_20260513-1-1/ACCESS_latex_template_20260513/access_vietnam.tex:166: LaTeX Error: Invalid UTF-8 byte "BF.

See the LaTeX manual or LaTeX Companion for explanation.
Type  H <return>  for immediate help.
 ...                                              
                                                  
l.166 \subsection{Chi tiết huấn luyện}
                                            
The document does not appear to be in UTF-8 encoding.
Try adding \UseRawInputEncoding as the first line of the file
or specify an encoding such as \usepackage [latin1]{inputenc}
in the document preamble.
Alternatively, save the file in UTF-8 using your editor or another tool


/home/thongluc/Khóa Luận Tốt Nghiệp/PGA_Unet2D/ACCESS_latex_template_20260513-1-1/ACCESS_latex_template_20260513/access_vietnam.tex:166: LaTeX Error: Invalid UTF-8 byte "C1.

See the LaTeX manual or LaTeX Companion for explanation.
Type  H <return>  for immediate help.
 ...                                              
                                                  
l.166 \subsection{Chi tiết huấn luyện}
                                            
The document does not appear to be in UTF-8 encoding.
Try adding \UseRawInputEncoding as the first line of the file
or specify an encoding such as \usepackage [latin1]{inputenc}
in the document preamble.
Alternatively, save the file in UTF-8 using your editor or another tool


/home/thongluc/Khóa Luận Tốt Nghiệp/PGA_Unet2D/ACCESS_latex_template_20260513-1-1/ACCESS_latex_template_20260513/access_vietnam.tex:166: LaTeX Error: Invalid UTF-8 byte "9A.

See the LaTeX manual or LaTeX Companion for explanation.
Type  H <return>  for immediate help.
 ...                                              
                                                  
l.166 \subsection{Chi tiết huấn luyện}
                                            
The document does not appear to be in UTF-8 encoding.
Try adding \UseRawInputEncoding as the first line of the file
or specify an encoding such as \usepackage [latin1]{inputenc}
in the document preamble.
Alternatively, save the file in UTF-8 using your editor or another tool


/home/thongluc/Khóa Luận Tốt Nghiệp/PGA_Unet2D/ACCESS_latex_template_20260513-1-1/ACCESS_latex_template_20260513/access_vietnam.tex:166: LaTeX Error: Invalid UTF-8 byte "85.

See the LaTeX manual or LaTeX Companion for explanation.
Type  H <return>  for immediate help.
 ...                                              
                                                  
l.166 \subsection{Chi tiết huấn luyện}
                                            
The document does not appear to be in UTF-8 encoding.
Try adding \UseRawInputEncoding as the first line of the file
or specify an encoding such as \usepackage [latin1]{inputenc}
in the document preamble.
Alternatively, save the file in UTF-8 using your editor or another tool


/home/thongluc/Khóa Luận Tốt Nghiệp/PGA_Unet2D/ACCESS_latex_template_20260513-1-1/ACCESS_latex_template_20260513/access_vietnam.tex:166: LaTeX Error: Invalid UTF-8 byte "C1.

See the LaTeX manual or LaTeX Companion for explanation.
Type  H <return>  for immediate help.
 ...                                              
                                                  
l.166 \subsection{Chi tiết huấn luyện}
                                            
The document does not appear to be in UTF-8 encoding.
Try adding \UseRawInputEncoding as the first line of the file
or specify an encoding such as \usepackage [latin1]{inputenc}
in the document preamble.
Alternatively, save the file in UTF-8 using your editor or another tool


/home/thongluc/Khóa Luận Tốt Nghiệp/PGA_Unet2D/ACCESS_latex_template_20260513-1-1/ACCESS_latex_template_20260513/access_vietnam.tex:166: LaTeX Error: Invalid UTF-8 byte "9B.

See the LaTeX manual or LaTeX Companion for explanation.
Type  H <return>  for immediate help.
 ...                                              
                                                  
l.166 \subsection{Chi tiết huấn luyện}
                                            
The document does not appear to be in UTF-8 encoding.
Try adding \UseRawInputEncoding as the first line of the file
or specify an encoding such as \usepackage [latin1]{inputenc}
in the document preamble.
Alternatively, save the file in UTF-8 using your editor or another tool


/home/thongluc/Khóa Luận Tốt Nghiệp/PGA_Unet2D/ACCESS_latex_template_20260513-1-1/ACCESS_latex_template_20260513/access_vietnam.tex:166: LaTeX Error: Invalid UTF-8 byte "87.

See the LaTeX manual or LaTeX Companion for explanation.
Type  H <return>  for immediate help.
 ...                                              
                                                  
l.166 \subsection{Chi tiết huấn luyện}
                                            
The document does not appear to be in UTF-8 encoding.
Try adding \UseRawInputEncoding as the first line of the file
or specify an encoding such as \usepackage [latin1]{inputenc}
in the document preamble.
Alternatively, save the file in UTF-8 using your editor or another tool


/home/thongluc/Khóa Luận Tốt Nghiệp/PGA_Unet2D/ACCESS_latex_template_20260513-1-1/ACCESS_latex_template_20260513/access_vietnam.tex:173: LaTeX Error: Invalid UTF-8 byte "C1.

See the LaTeX manual or LaTeX Companion for explanation.
Type  H <return>  for immediate help.
 ...                                              
                                                  
l.173 \subsection{Baseline và độ đo}
                                         
The document does not appear to be in UTF-8 encoding.
Try adding \UseRawInputEncoding as the first line of the file
or specify an encoding such as \usepackage [latin1]{inputenc}
in the document preamble.
Alternatively, save the file in UTF-8 using your editor or another tool


/home/thongluc/Khóa Luận Tốt Nghiệp/PGA_Unet2D/ACCESS_latex_template_20260513-1-1/ACCESS_latex_template_20260513/access_vietnam.tex:173: LaTeX Error: Invalid UTF-8 byte "9B.

See the LaTeX manual or LaTeX Companion for explanation.
Type  H <return>  for immediate help.
 ...                                              
                                                  
l.173 \subsection{Baseline và độ đo}
                                         
The document does not appear to be in UTF-8 encoding.
Try adding \UseRawInputEncoding as the first line of the file
or specify an encoding such as \usepackage [latin1]{inputenc}
in the document preamble.
Alternatively, save the file in UTF-8 using your editor or another tool


/home/thongluc/Khóa Luận Tốt Nghiệp/PGA_Unet2D/ACCESS_latex_template_20260513-1-1/ACCESS_latex_template_20260513/access_vietnam.tex:173: LaTeX Error: Invalid UTF-8 byte "99.

See the LaTeX manual or LaTeX Companion for explanation.
Type  H <return>  for immediate help.
 ...                                              
                                                  
l.173 \subsection{Baseline và độ đo}
                                         
The document does not appear to be in UTF-8 encoding.
Try adding \UseRawInputEncoding as the first line of the file
or specify an encoding such as \usepackage [latin1]{inputenc}
in the document preamble.
Alternatively, save the file in UTF-8 using your editor or another tool


LaTeX Warning: Citation `b3' on page 3 undefined on input line 174.


LaTeX Warning: Citation `b4' on page 3 undefined on input line 174.


LaTeX Warning: Citation `b2' on page 3 undefined on input line 174.


/home/thongluc/Khóa Luận Tốt Nghiệp/PGA_Unet2D/ACCESS_latex_template_20260513-1-1/ACCESS_latex_template_20260513/access_vietnam.tex:182: LaTeX Error: Invalid UTF-8 byte "C1.

See the LaTeX manual or LaTeX Companion for explanation.
Type  H <return>  for immediate help.
 ...                                              
                                                  
l.182 \subsection{Phạm vi phân tích}
                                        
The document does not appear to be in UTF-8 encoding.
Try adding \UseRawInputEncoding as the first line of the file
or specify an encoding such as \usepackage [latin1]{inputenc}
in the document preamble.
Alternatively, save the file in UTF-8 using your editor or another tool


/home/thongluc/Khóa Luận Tốt Nghiệp/PGA_Unet2D/ACCESS_latex_template_20260513-1-1/ACCESS_latex_template_20260513/access_vietnam.tex:182: LaTeX Error: Invalid UTF-8 byte "9A.

See the LaTeX manual or LaTeX Companion for explanation.
Type  H <return>  for immediate help.
 ...                                              
                                                  
l.182 \subsection{Phạm vi phân tích}
                                        
The document does not appear to be in UTF-8 encoding.
Try adding \UseRawInputEncoding as the first line of the file
or specify an encoding such as \usepackage [latin1]{inputenc}
in the document preamble.
Alternatively, save the file in UTF-8 using your editor or another tool


/home/thongluc/Khóa Luận Tốt Nghiệp/PGA_Unet2D/ACCESS_latex_template_20260513-1-1/ACCESS_latex_template_20260513/access_vietnam.tex:182: LaTeX Error: Invalid UTF-8 byte "81.

See the LaTeX manual or LaTeX Companion for explanation.
Type  H <return>  for immediate help.
 ...                                              
                                                  
l.182 \subsection{Phạm vi phân tích}
                                        
The document does not appear to be in UTF-8 encoding.
Try adding \UseRawInputEncoding as the first line of the file
or specify an encoding such as \usepackage [latin1]{inputenc}
in the document preamble.
Alternatively, save the file in UTF-8 using your editor or another tool

File: notaglinelogo.png Graphic file (type png)
<use notaglinelogo.png>
Package pdftex.def Info: notaglinelogo.png  used on input line 184.
(pdftex.def)             Requested size: 91.32pt x 23.1352pt.

Overfull \hbox (505.12177pt too wide) has occurred while \output is active
[]
 []


Overfull \hbox (505.12177pt too wide) has occurred while \output is active
[]
 []


Underfull \hbox (badness 10000) has occurred while \output is active
[]
 []

[3 <./images/architecture_pga_unet.png (PNG copy)>]

/home/thongluc/Khóa Luận Tốt Nghiệp/PGA_Unet2D/ACCESS_latex_template_20260513-1-1/ACCESS_latex_template_20260513/access_vietnam.tex:185: LaTeX Error: Invalid UTF-8 byte "C1.

See the LaTeX manual or LaTeX Companion for explanation.
Type  H <return>  for immediate help.
 ...                                              
                                                  
l.185 \section{Kết quả}
                           
The document does not appear to be in UTF-8 encoding.
Try adding \UseRawInputEncoding as the first line of the file
or specify an encoding such as \usepackage [latin1]{inputenc}
in the document preamble.
Alternatively, save the file in UTF-8 using your editor or another tool


/home/thongluc/Khóa Luận Tốt Nghiệp/PGA_Unet2D/ACCESS_latex_template_20260513-1-1/ACCESS_latex_template_20260513/access_vietnam.tex:185: LaTeX Error: Invalid UTF-8 byte "9A.

See the LaTeX manual or LaTeX Companion for explanation.
Type  H <return>  for immediate help.
 ...                                              
                                                  
l.185 \section{Kết quả}
                           
The document does not appear to be in UTF-8 encoding.
Try adding \UseRawInputEncoding as the first line of the file
or specify an encoding such as \usepackage [latin1]{inputenc}
in the document preamble.
Alternatively, save the file in UTF-8 using your editor or another tool


/home/thongluc/Khóa Luận Tốt Nghiệp/PGA_Unet2D/ACCESS_latex_template_20260513-1-1/ACCESS_latex_template_20260513/access_vietnam.tex:185: LaTeX Error: Invalid UTF-8 byte "BF.

See the LaTeX manual or LaTeX Companion for explanation.
Type  H <return>  for immediate help.
 ...                                              
                                                  
l.185 \section{Kết quả}
                           
The document does not appear to be in UTF-8 encoding.
Try adding \UseRawInputEncoding as the first line of the file
or specify an encoding such as \usepackage [latin1]{inputenc}
in the document preamble.
Alternatively, save the file in UTF-8 using your editor or another tool


/home/thongluc/Khóa Luận Tốt Nghiệp/PGA_Unet2D/ACCESS_latex_template_20260513-1-1/ACCESS_latex_template_20260513/access_vietnam.tex:185: LaTeX Error: Invalid UTF-8 byte "C1.

See the LaTeX manual or LaTeX Companion for explanation.
Type  H <return>  for immediate help.
 ...                                              
                                                  
l.185 \section{Kết quả}
                           
The document does not appear to be in UTF-8 encoding.
Try adding \UseRawInputEncoding as the first line of the file
or specify an encoding such as \usepackage [latin1]{inputenc}
in the document preamble.
Alternatively, save the file in UTF-8 using your editor or another tool


/home/thongluc/Khóa Luận Tốt Nghiệp/PGA_Unet2D/ACCESS_latex_template_20260513-1-1/ACCESS_latex_template_20260513/access_vietnam.tex:185: LaTeX Error: Invalid UTF-8 byte "9A.

See the LaTeX manual or LaTeX Companion for explanation.
Type  H <return>  for immediate help.
 ...                                              
                                                  
l.185 \section{Kết quả}
                           
The document does not appear to be in UTF-8 encoding.
Try adding \UseRawInputEncoding as the first line of the file
or specify an encoding such as \usepackage [latin1]{inputenc}
in the document preamble.
Alternatively, save the file in UTF-8 using your editor or another tool


/home/thongluc/Khóa Luận Tốt Nghiệp/PGA_Unet2D/ACCESS_latex_template_20260513-1-1/ACCESS_latex_template_20260513/access_vietnam.tex:185: LaTeX Error: Invalid UTF-8 byte "83.

See the LaTeX manual or LaTeX Companion for explanation.
Type  H <return>  for immediate help.
 ...                                              
                                                  
l.185 \section{Kết quả}
                           
The document does not appear to be in UTF-8 encoding.
Try adding \UseRawInputEncoding as the first line of the file
or specify an encoding such as \usepackage [latin1]{inputenc}
in the document preamble.
Alternatively, save the file in UTF-8 using your editor or another tool


/home/thongluc/Khóa Luận Tốt Nghiệp/PGA_Unet2D/ACCESS_latex_template_20260513-1-1/ACCESS_latex_template_20260513/access_vietnam.tex:186: LaTeX Error: Invalid UTF-8 byte "C1.

See the LaTeX manual or LaTeX Companion for explanation.
Type  H <return>  for immediate help.
 ...                                              
                                                  
l.186 ...�nh với các baseline CNN tự động}
                                                  
The document does not appear to be in UTF-8 encoding.
Try adding \UseRawInputEncoding as the first line of the file
or specify an encoding such as \usepackage [latin1]{inputenc}
in the document preamble.
Alternatively, save the file in UTF-8 using your editor or another tool


/home/thongluc/Khóa Luận Tốt Nghiệp/PGA_Unet2D/ACCESS_latex_template_20260513-1-1/ACCESS_latex_template_20260513/access_vietnam.tex:186: LaTeX Error: Invalid UTF-8 byte "9B.

See the LaTeX manual or LaTeX Companion for explanation.
Type  H <return>  for immediate help.
 ...                                              
                                                  
l.186 ...�nh với các baseline CNN tự động}
                                                  
The document does not appear to be in UTF-8 encoding.
Try adding \UseRawInputEncoding as the first line of the file
or specify an encoding such as \usepackage [latin1]{inputenc}
in the document preamble.
Alternatively, save the file in UTF-8 using your editor or another tool


/home/thongluc/Khóa Luận Tốt Nghiệp/PGA_Unet2D/ACCESS_latex_template_20260513-1-1/ACCESS_latex_template_20260513/access_vietnam.tex:186: LaTeX Error: Invalid UTF-8 byte "9B.

See the LaTeX manual or LaTeX Companion for explanation.
Type  H <return>  for immediate help.
 ...                                              
                                                  
l.186 ...�nh với các baseline CNN tự động}
                                                  
The document does not appear to be in UTF-8 encoding.
Try adding \UseRawInputEncoding as the first line of the file
or specify an encoding such as \usepackage [latin1]{inputenc}
in the document preamble.
Alternatively, save the file in UTF-8 using your editor or another tool


/home/thongluc/Khóa Luận Tốt Nghiệp/PGA_Unet2D/ACCESS_latex_template_20260513-1-1/ACCESS_latex_template_20260513/access_vietnam.tex:186: LaTeX Error: Invalid UTF-8 byte "C1.

See the LaTeX manual or LaTeX Companion for explanation.
Type  H <return>  for immediate help.
 ...                                              
                                                  
l.186 ...�nh với các baseline CNN tự động}
                                                  
The document does not appear to be in UTF-8 encoding.
Try adding \UseRawInputEncoding as the first line of the file
or specify an encoding such as \usepackage [latin1]{inputenc}
in the document preamble.
Alternatively, save the file in UTF-8 using your editor or another tool


/home/thongluc/Khóa Luận Tốt Nghiệp/PGA_Unet2D/ACCESS_latex_template_20260513-1-1/ACCESS_latex_template_20260513/access_vietnam.tex:186: LaTeX Error: Invalid UTF-8 byte "9B.

See the LaTeX manual or LaTeX Companion for explanation.
Type  H <return>  for immediate help.
 ...                                              
                                                  
l.186 ...�nh với các baseline CNN tự động}
                                                  
The document does not appear to be in UTF-8 encoding.
Try adding \UseRawInputEncoding as the first line of the file
or specify an encoding such as \usepackage [latin1]{inputenc}
in the document preamble.
Alternatively, save the file in UTF-8 using your editor or another tool


/home/thongluc/Khóa Luận Tốt Nghiệp/PGA_Unet2D/ACCESS_latex_template_20260513-1-1/ACCESS_latex_template_20260513/access_vietnam.tex:186: LaTeX Error: Invalid UTF-8 byte "91.

See the LaTeX manual or LaTeX Companion for explanation.
Type  H <return>  for immediate help.
 ...                                              
                                                  
l.186 ...�nh với các baseline CNN tự động}
                                                  
The document does not appear to be in UTF-8 encoding.
Try adding \UseRawInputEncoding as the first line of the file
or specify an encoding such as \usepackage [latin1]{inputenc}
in the document preamble.
Alternatively, save the file in UTF-8 using your editor or another tool


/home/thongluc/Khóa Luận Tốt Nghiệp/PGA_Unet2D/ACCESS_latex_template_20260513-1-1/ACCESS_latex_template_20260513/access_vietnam.tex:186: LaTeX Error: Invalid UTF-8 byte "C1.

See the LaTeX manual or LaTeX Companion for explanation.
Type  H <return>  for immediate help.
 ...                                              
                                                  
l.186 ...�nh với các baseline CNN tự động}
                                                  
The document does not appear to be in UTF-8 encoding.
Try adding \UseRawInputEncoding as the first line of the file
or specify an encoding such as \usepackage [latin1]{inputenc}
in the document preamble.
Alternatively, save the file in UTF-8 using your editor or another tool


/home/thongluc/Khóa Luận Tốt Nghiệp/PGA_Unet2D/ACCESS_latex_template_20260513-1-1/ACCESS_latex_template_20260513/access_vietnam.tex:186: LaTeX Error: Invalid UTF-8 byte "9B.

See the LaTeX manual or LaTeX Companion for explanation.
Type  H <return>  for immediate help.
 ...                                              
                                                  
l.186 ...�nh với các baseline CNN tự động}
                                                  
The document does not appear to be in UTF-8 encoding.
Try adding \UseRawInputEncoding as the first line of the file
or specify an encoding such as \usepackage [latin1]{inputenc}
in the document preamble.
Alternatively, save the file in UTF-8 using your editor or another tool


/home/thongluc/Khóa Luận Tốt Nghiệp/PGA_Unet2D/ACCESS_latex_template_20260513-1-1/ACCESS_latex_template_20260513/access_vietnam.tex:186: LaTeX Error: Invalid UTF-8 byte "99.

See the LaTeX manual or LaTeX Companion for explanation.
Type  H <return>  for immediate help.
 ...                                              
                                                  
l.186 ...�nh với các baseline CNN tự động}
                                                  
The document does not appear to be in UTF-8 encoding.
Try adding \UseRawInputEncoding as the first line of the file
or specify an encoding such as \usepackage [latin1]{inputenc}
in the document preamble.
Alternatively, save the file in UTF-8 using your editor or another tool


LaTeX Font Warning: Font shape `T5/times/b/n' undefined
(Font)              using `T5/times/m/n' instead on input line 187.


LaTeX Warning: Reference `tab:baseline' on page 4 undefined on input line 187.


/home/thongluc/Khóa Luận Tốt Nghiệp/PGA_Unet2D/ACCESS_latex_template_20260513-1-1/ACCESS_latex_template_20260513/access_vietnam.tex:212: LaTeX Error: Invalid UTF-8 byte "C1.

See the LaTeX manual or LaTeX Companion for explanation.
Type  H <return>  for immediate help.
 ...                                              
                                                  
l.212 ...�nh cùng điều kiện với SAM-Med2D}
                                                  
The document does not appear to be in UTF-8 encoding.
Try adding \UseRawInputEncoding as the first line of the file
or specify an encoding such as \usepackage [latin1]{inputenc}
in the document preamble.
Alternatively, save the file in UTF-8 using your editor or another tool


/home/thongluc/Khóa Luận Tốt Nghiệp/PGA_Unet2D/ACCESS_latex_template_20260513-1-1/ACCESS_latex_template_20260513/access_vietnam.tex:212: LaTeX Error: Invalid UTF-8 byte "9B.

See the LaTeX manual or LaTeX Companion for explanation.
Type  H <return>  for immediate help.
 ...                                              
                                                  
l.212 ...�nh cùng điều kiện với SAM-Med2D}
                                                  
The document does not appear to be in UTF-8 encoding.
Try adding \UseRawInputEncoding as the first line of the file
or specify an encoding such as \usepackage [latin1]{inputenc}
in the document preamble.
Alternatively, save the file in UTF-8 using your editor or another tool


/home/thongluc/Khóa Luận Tốt Nghiệp/PGA_Unet2D/ACCESS_latex_template_20260513-1-1/ACCESS_latex_template_20260513/access_vietnam.tex:212: LaTeX Error: Invalid UTF-8 byte "81.

See the LaTeX manual or LaTeX Companion for explanation.
Type  H <return>  for immediate help.
 ...                                              
                                                  
l.212 ...�nh cùng điều kiện với SAM-Med2D}
                                                  
The document does not appear to be in UTF-8 encoding.
Try adding \UseRawInputEncoding as the first line of the file
or specify an encoding such as \usepackage [latin1]{inputenc}
in the document preamble.
Alternatively, save the file in UTF-8 using your editor or another tool


/home/thongluc/Khóa Luận Tốt Nghiệp/PGA_Unet2D/ACCESS_latex_template_20260513-1-1/ACCESS_latex_template_20260513/access_vietnam.tex:212: LaTeX Error: Invalid UTF-8 byte "C1.

See the LaTeX manual or LaTeX Companion for explanation.
Type  H <return>  for immediate help.
 ...                                              
                                                  
l.212 ...�nh cùng điều kiện với SAM-Med2D}
                                                  
The document does not appear to be in UTF-8 encoding.
Try adding \UseRawInputEncoding as the first line of the file
or specify an encoding such as \usepackage [latin1]{inputenc}
in the document preamble.
Alternatively, save the file in UTF-8 using your editor or another tool


/home/thongluc/Khóa Luận Tốt Nghiệp/PGA_Unet2D/ACCESS_latex_template_20260513-1-1/ACCESS_latex_template_20260513/access_vietnam.tex:212: LaTeX Error: Invalid UTF-8 byte "9B.

See the LaTeX manual or LaTeX Companion for explanation.
Type  H <return>  for immediate help.
 ...                                              
                                                  
l.212 ...�nh cùng điều kiện với SAM-Med2D}
                                                  
The document does not appear to be in UTF-8 encoding.
Try adding \UseRawInputEncoding as the first line of the file
or specify an encoding such as \usepackage [latin1]{inputenc}
in the document preamble.
Alternatively, save the file in UTF-8 using your editor or another tool


/home/thongluc/Khóa Luận Tốt Nghiệp/PGA_Unet2D/ACCESS_latex_template_20260513-1-1/ACCESS_latex_template_20260513/access_vietnam.tex:212: LaTeX Error: Invalid UTF-8 byte "87.

See the LaTeX manual or LaTeX Companion for explanation.
Type  H <return>  for immediate help.
 ...                                              
                                                  
l.212 ...�nh cùng điều kiện với SAM-Med2D}
                                                  
The document does not appear to be in UTF-8 encoding.
Try adding \UseRawInputEncoding as the first line of the file
or specify an encoding such as \usepackage [latin1]{inputenc}
in the document preamble.
Alternatively, save the file in UTF-8 using your editor or another tool


/home/thongluc/Khóa Luận Tốt Nghiệp/PGA_Unet2D/ACCESS_latex_template_20260513-1-1/ACCESS_latex_template_20260513/access_vietnam.tex:212: LaTeX Error: Invalid UTF-8 byte "C1.

See the LaTeX manual or LaTeX Companion for explanation.
Type  H <return>  for immediate help.
 ...                                              
                                                  
l.212 ...�nh cùng điều kiện với SAM-Med2D}
                                                  
The document does not appear to be in UTF-8 encoding.
Try adding \UseRawInputEncoding as the first line of the file
or specify an encoding such as \usepackage [latin1]{inputenc}
in the document preamble.
Alternatively, save the file in UTF-8 using your editor or another tool


/home/thongluc/Khóa Luận Tốt Nghiệp/PGA_Unet2D/ACCESS_latex_template_20260513-1-1/ACCESS_latex_template_20260513/access_vietnam.tex:212: LaTeX Error: Invalid UTF-8 byte "9B.

See the LaTeX manual or LaTeX Companion for explanation.
Type  H <return>  for immediate help.
 ...                                              
                                                  
l.212 ...�nh cùng điều kiện với SAM-Med2D}
                                                  
The document does not appear to be in UTF-8 encoding.
Try adding \UseRawInputEncoding as the first line of the file
or specify an encoding such as \usepackage [latin1]{inputenc}
in the document preamble.
Alternatively, save the file in UTF-8 using your editor or another tool


/home/thongluc/Khóa Luận Tốt Nghiệp/PGA_Unet2D/ACCESS_latex_template_20260513-1-1/ACCESS_latex_template_20260513/access_vietnam.tex:212: LaTeX Error: Invalid UTF-8 byte "9B.

See the LaTeX manual or LaTeX Companion for explanation.
Type  H <return>  for immediate help.
 ...                                              
                                                  
l.212 ...�nh cùng điều kiện với SAM-Med2D}
                                                  
The document does not appear to be in UTF-8 encoding.
Try adding \UseRawInputEncoding as the first line of the file
or specify an encoding such as \usepackage [latin1]{inputenc}
in the document preamble.
Alternatively, save the file in UTF-8 using your editor or another tool


LaTeX Warning: Reference `tab:sam' on page 4 undefined on input line 213.

<images/prompt_robustness_examples.png, id=39, 1979.395pt x 1814.78pt>
File: images/prompt_robustness_examples.png Graphic file (type png)
<use images/prompt_robustness_examples.png>
Package pdftex.def Info: images/prompt_robustness_examples.png  used on input line 262.
(pdftex.def)             Requested size: 242.67355pt x 222.47173pt.

/home/thongluc/Khóa Luận Tốt Nghiệp/PGA_Unet2D/ACCESS_latex_template_20260513-1-1/ACCESS_latex_template_20260513/access_vietnam.tex:267: LaTeX Error: Invalid UTF-8 byte "C1.

See the LaTeX manual or LaTeX Companion for explanation.
Type  H <return>  for immediate help.
 ...                                              
                                                  
l.267 ...on{Ablation và hiệu năng tính toán}
                                                  
The document does not appear to be in UTF-8 encoding.
Try adding \UseRawInputEncoding as the first line of the file
or specify an encoding such as \usepackage [latin1]{inputenc}
in the document preamble.
Alternatively, save the file in UTF-8 using your editor or another tool


/home/thongluc/Khóa Luận Tốt Nghiệp/PGA_Unet2D/ACCESS_latex_template_20260513-1-1/ACCESS_latex_template_20260513/access_vietnam.tex:267: LaTeX Error: Invalid UTF-8 byte "9B.

See the LaTeX manual or LaTeX Companion for explanation.
Type  H <return>  for immediate help.
 ...                                              
                                                  
l.267 ...on{Ablation và hiệu năng tính toán}
                                                  
The document does not appear to be in UTF-8 encoding.
Try adding \UseRawInputEncoding as the first line of the file
or specify an encoding such as \usepackage [latin1]{inputenc}
in the document preamble.
Alternatively, save the file in UTF-8 using your editor or another tool


/home/thongluc/Khóa Luận Tốt Nghiệp/PGA_Unet2D/ACCESS_latex_template_20260513-1-1/ACCESS_latex_template_20260513/access_vietnam.tex:267: LaTeX Error: Invalid UTF-8 byte "87.

See the LaTeX manual or LaTeX Companion for explanation.
Type  H <return>  for immediate help.
 ...                                              
                                                  
l.267 ...on{Ablation và hiệu năng tính toán}
                                                  
The document does not appear to be in UTF-8 encoding.
Try adding \UseRawInputEncoding as the first line of the file
or specify an encoding such as \usepackage [latin1]{inputenc}
in the document preamble.
Alternatively, save the file in UTF-8 using your editor or another tool


LaTeX Warning: Reference `tab:ablation' on page 4 undefined on input line 268.

File: notaglinelogo.png Graphic file (type png)
<use notaglinelogo.png>
Package pdftex.def Info: notaglinelogo.png  used on input line 297.
(pdftex.def)             Requested size: 91.32pt x 23.1352pt.

Overfull \hbox (505.12177pt too wide) has occurred while \output is active
[]
 []


Overfull \hbox (505.12177pt too wide) has occurred while \output is active
[]
 []


Underfull \hbox (badness 10000) has occurred while \output is active
[]
 []

[4 <./images/prompt_robustness_examples.png (PNG copy)>]
<images/ablation_gaussian_vs_binary_case.png, id=44, 1838.87pt x 861.2175pt>
File: images/ablation_gaussian_vs_binary_case.png Graphic file (type png)
<use images/ablation_gaussian_vs_binary_case.png>
Package pdftex.def Info: images/ablation_gaussian_vs_binary_case.png  used on input line 300.
(pdftex.def)             Requested size: 242.67355pt x 113.64426pt.


LaTeX Warning: Reference `tab:efficiency' on page 5 undefined on input line 305.


/home/thongluc/Khóa Luận Tốt Nghiệp/PGA_Unet2D/ACCESS_latex_template_20260513-1-1/ACCESS_latex_template_20260513/access_vietnam.tex:325: LaTeX Error: Invalid UTF-8 byte "C1.

See the LaTeX manual or LaTeX Companion for explanation.
Type  H <return>  for immediate help.
 ...                                              
                                                  
l.325 ...�ng của độ phân giải đầu vào}
                                                  
The document does not appear to be in UTF-8 encoding.
Try adding \UseRawInputEncoding as the first line of the file
or specify an encoding such as \usepackage [latin1]{inputenc}
in the document preamble.
Alternatively, save the file in UTF-8 using your editor or another tool


/home/thongluc/Khóa Luận Tốt Nghiệp/PGA_Unet2D/ACCESS_latex_template_20260513-1-1/ACCESS_latex_template_20260513/access_vietnam.tex:325: LaTeX Error: Invalid UTF-8 byte "9A.

See the LaTeX manual or LaTeX Companion for explanation.
Type  H <return>  for immediate help.
 ...                                              
                                                  
l.325 ...�ng của độ phân giải đầu vào}
                                                  
The document does not appear to be in UTF-8 encoding.
Try adding \UseRawInputEncoding as the first line of the file
or specify an encoding such as \usepackage [latin1]{inputenc}
in the document preamble.
Alternatively, save the file in UTF-8 using your editor or another tool


/home/thongluc/Khóa Luận Tốt Nghiệp/PGA_Unet2D/ACCESS_latex_template_20260513-1-1/ACCESS_latex_template_20260513/access_vietnam.tex:325: LaTeX Error: Invalid UTF-8 byte "82.

See the LaTeX manual or LaTeX Companion for explanation.
Type  H <return>  for immediate help.
 ...                                              
                                                  
l.325 ...�ng của độ phân giải đầu vào}
                                                  
The document does not appear to be in UTF-8 encoding.
Try adding \UseRawInputEncoding as the first line of the file
or specify an encoding such as \usepackage [latin1]{inputenc}
in the document preamble.
Alternatively, save the file in UTF-8 using your editor or another tool


/home/thongluc/Khóa Luận Tốt Nghiệp/PGA_Unet2D/ACCESS_latex_template_20260513-1-1/ACCESS_latex_template_20260513/access_vietnam.tex:325: LaTeX Error: Unicode character Ɛ (U+0190)
               not set up for use with LaTeX.

See the LaTeX manual or LaTeX Companion for explanation.
Type  H <return>  for immediate help.
 ...                                              
                                                  
l.325 ...�ng của độ phân giải đầu vào}
                                                  
You may provide a definition with
\DeclareUnicodeCharacter 


/home/thongluc/Khóa Luận Tốt Nghiệp/PGA_Unet2D/ACCESS_latex_template_20260513-1-1/ACCESS_latex_template_20260513/access_vietnam.tex:325: LaTeX Error: Invalid UTF-8 byte "C1.

See the LaTeX manual or LaTeX Companion for explanation.
Type  H <return>  for immediate help.
 ...                                              
                                                  
l.325 ...�ng của độ phân giải đầu vào}
                                                  
The document does not appear to be in UTF-8 encoding.
Try adding \UseRawInputEncoding as the first line of the file
or specify an encoding such as \usepackage [latin1]{inputenc}
in the document preamble.
Alternatively, save the file in UTF-8 using your editor or another tool


/home/thongluc/Khóa Luận Tốt Nghiệp/PGA_Unet2D/ACCESS_latex_template_20260513-1-1/ACCESS_latex_template_20260513/access_vietnam.tex:325: LaTeX Error: Invalid UTF-8 byte "9B.

See the LaTeX manual or LaTeX Companion for explanation.
Type  H <return>  for immediate help.
 ...                                              
                                                  
l.325 ...�ng của độ phân giải đầu vào}
                                                  
The document does not appear to be in UTF-8 encoding.
Try adding \UseRawInputEncoding as the first line of the file
or specify an encoding such as \usepackage [latin1]{inputenc}
in the document preamble.
Alternatively, save the file in UTF-8 using your editor or another tool


/home/thongluc/Khóa Luận Tốt Nghiệp/PGA_Unet2D/ACCESS_latex_template_20260513-1-1/ACCESS_latex_template_20260513/access_vietnam.tex:325: LaTeX Error: Invalid UTF-8 byte "9F.

See the LaTeX manual or LaTeX Companion for explanation.
Type  H <return>  for immediate help.
 ...                                              
                                                  
l.325 ...�ng của độ phân giải đầu vào}
                                                  
The document does not appear to be in UTF-8 encoding.
Try adding \UseRawInputEncoding as the first line of the file
or specify an encoding such as \usepackage [latin1]{inputenc}
in the document preamble.
Alternatively, save the file in UTF-8 using your editor or another tool


/home/thongluc/Khóa Luận Tốt Nghiệp/PGA_Unet2D/ACCESS_latex_template_20260513-1-1/ACCESS_latex_template_20260513/access_vietnam.tex:325: LaTeX Error: Invalid UTF-8 byte "C1.

See the LaTeX manual or LaTeX Companion for explanation.
Type  H <return>  for immediate help.
 ...                                              
                                                  
l.325 ...�ng của độ phân giải đầu vào}
                                                  
The document does not appear to be in UTF-8 encoding.
Try adding \UseRawInputEncoding as the first line of the file
or specify an encoding such as \usepackage [latin1]{inputenc}
in the document preamble.
Alternatively, save the file in UTF-8 using your editor or another tool


/home/thongluc/Khóa Luận Tốt Nghiệp/PGA_Unet2D/ACCESS_latex_template_20260513-1-1/ACCESS_latex_template_20260513/access_vietnam.tex:325: LaTeX Error: Invalid UTF-8 byte "9B.

See the LaTeX manual or LaTeX Companion for explanation.
Type  H <return>  for immediate help.
 ...                                              
                                                  
l.325 ...�ng của độ phân giải đầu vào}
                                                  
The document does not appear to be in UTF-8 encoding.
Try adding \UseRawInputEncoding as the first line of the file
or specify an encoding such as \usepackage [latin1]{inputenc}
in the document preamble.
Alternatively, save the file in UTF-8 using your editor or another tool


/home/thongluc/Khóa Luận Tốt Nghiệp/PGA_Unet2D/ACCESS_latex_template_20260513-1-1/ACCESS_latex_template_20260513/access_vietnam.tex:325: LaTeX Error: Invalid UTF-8 byte "87.

See the LaTeX manual or LaTeX Companion for explanation.
Type  H <return>  for immediate help.
 ...                                              
                                                  
l.325 ...�ng của độ phân giải đầu vào}
                                                  
The document does not appear to be in UTF-8 encoding.
Try adding \UseRawInputEncoding as the first line of the file
or specify an encoding such as \usepackage [latin1]{inputenc}
in the document preamble.
Alternatively, save the file in UTF-8 using your editor or another tool


/home/thongluc/Khóa Luận Tốt Nghiệp/PGA_Unet2D/ACCESS_latex_template_20260513-1-1/ACCESS_latex_template_20260513/access_vietnam.tex:325: LaTeX Error: Invalid UTF-8 byte "C1.

See the LaTeX manual or LaTeX Companion for explanation.
Type  H <return>  for immediate help.
 ...                                              
                                                  
l.325 ...�ng của độ phân giải đầu vào}
                                                  
The document does not appear to be in UTF-8 encoding.
Try adding \UseRawInputEncoding as the first line of the file
or specify an encoding such as \usepackage [latin1]{inputenc}
in the document preamble.
Alternatively, save the file in UTF-8 using your editor or another tool


/home/thongluc/Khóa Luận Tốt Nghiệp/PGA_Unet2D/ACCESS_latex_template_20260513-1-1/ACCESS_latex_template_20260513/access_vietnam.tex:325: LaTeX Error: Invalid UTF-8 byte "9B.

See the LaTeX manual or LaTeX Companion for explanation.
Type  H <return>  for immediate help.
 ...                                              
                                                  
l.325 ...�ng của độ phân giải đầu vào}
                                                  
The document does not appear to be in UTF-8 encoding.
Try adding \UseRawInputEncoding as the first line of the file
or specify an encoding such as \usepackage [latin1]{inputenc}
in the document preamble.
Alternatively, save the file in UTF-8 using your editor or another tool


/home/thongluc/Khóa Luận Tốt Nghiệp/PGA_Unet2D/ACCESS_latex_template_20260513-1-1/ACCESS_latex_template_20260513/access_vietnam.tex:325: LaTeX Error: Invalid UTF-8 byte "99.

See the LaTeX manual or LaTeX Companion for explanation.
Type  H <return>  for immediate help.
 ...                                              
                                                  
l.325 ...�ng của độ phân giải đầu vào}
                                                  
The document does not appear to be in UTF-8 encoding.
Try adding \UseRawInputEncoding as the first line of the file
or specify an encoding such as \usepackage [latin1]{inputenc}
in the document preamble.
Alternatively, save the file in UTF-8 using your editor or another tool


/home/thongluc/Khóa Luận Tốt Nghiệp/PGA_Unet2D/ACCESS_latex_template_20260513-1-1/ACCESS_latex_template_20260513/access_vietnam.tex:325: LaTeX Error: Invalid UTF-8 byte "C1.

See the LaTeX manual or LaTeX Companion for explanation.
Type  H <return>  for immediate help.
 ...                                              
                                                  
l.325 ...�ng của độ phân giải đầu vào}
                                                  
The document does not appear to be in UTF-8 encoding.
Try adding \UseRawInputEncoding as the first line of the file
or specify an encoding such as \usepackage [latin1]{inputenc}
in the document preamble.
Alternatively, save the file in UTF-8 using your editor or another tool


/home/thongluc/Khóa Luận Tốt Nghiệp/PGA_Unet2D/ACCESS_latex_template_20260513-1-1/ACCESS_latex_template_20260513/access_vietnam.tex:325: LaTeX Error: Invalid UTF-8 byte "9A.

See the LaTeX manual or LaTeX Companion for explanation.
Type  H <return>  for immediate help.
 ...                                              
                                                  
l.325 ...�ng của độ phân giải đầu vào}
                                                  
The document does not appear to be in UTF-8 encoding.
Try adding \UseRawInputEncoding as the first line of the file
or specify an encoding such as \usepackage [latin1]{inputenc}
in the document preamble.
Alternatively, save the file in UTF-8 using your editor or another tool


/home/thongluc/Khóa Luận Tốt Nghiệp/PGA_Unet2D/ACCESS_latex_template_20260513-1-1/ACCESS_latex_template_20260513/access_vietnam.tex:325: LaTeX Error: Invalid UTF-8 byte "83.

See the LaTeX manual or LaTeX Companion for explanation.
Type  H <return>  for immediate help.
 ...                                              
                                                  
l.325 ...�ng của độ phân giải đầu vào}
                                                  
The document does not appear to be in UTF-8 encoding.
Try adding \UseRawInputEncoding as the first line of the file
or specify an encoding such as \usepackage [latin1]{inputenc}
in the document preamble.
Alternatively, save the file in UTF-8 using your editor or another tool


/home/thongluc/Khóa Luận Tốt Nghiệp/PGA_Unet2D/ACCESS_latex_template_20260513-1-1/ACCESS_latex_template_20260513/access_vietnam.tex:325: LaTeX Error: Invalid UTF-8 byte "C1.

See the LaTeX manual or LaTeX Companion for explanation.
Type  H <return>  for immediate help.
 ...                                              
                                                  
l.325 ...�ng của độ phân giải đầu vào}
                                                  
The document does not appear to be in UTF-8 encoding.
Try adding \UseRawInputEncoding as the first line of the file
or specify an encoding such as \usepackage [latin1]{inputenc}
in the document preamble.
Alternatively, save the file in UTF-8 using your editor or another tool


/home/thongluc/Khóa Luận Tốt Nghiệp/PGA_Unet2D/ACCESS_latex_template_20260513-1-1/ACCESS_latex_template_20260513/access_vietnam.tex:325: LaTeX Error: Invalid UTF-8 byte "9A.

See the LaTeX manual or LaTeX Companion for explanation.
Type  H <return>  for immediate help.
 ...                                              
                                                  
l.325 ...�ng của độ phân giải đầu vào}
                                                  
The document does not appear to be in UTF-8 encoding.
Try adding \UseRawInputEncoding as the first line of the file
or specify an encoding such as \usepackage [latin1]{inputenc}
in the document preamble.
Alternatively, save the file in UTF-8 using your editor or another tool


/home/thongluc/Khóa Luận Tốt Nghiệp/PGA_Unet2D/ACCESS_latex_template_20260513-1-1/ACCESS_latex_template_20260513/access_vietnam.tex:325: LaTeX Error: Invalid UTF-8 byte "87.

See the LaTeX manual or LaTeX Companion for explanation.
Type  H <return>  for immediate help.
 ...                                              
                                                  
l.325 ...�ng của độ phân giải đầu vào}
                                                  
The document does not appear to be in UTF-8 encoding.
Try adding \UseRawInputEncoding as the first line of the file
or specify an encoding such as \usepackage [latin1]{inputenc}
in the document preamble.
Alternatively, save the file in UTF-8 using your editor or another tool


/home/thongluc/Khóa Luận Tốt Nghiệp/PGA_Unet2D/ACCESS_latex_template_20260513-1-1/ACCESS_latex_template_20260513/access_vietnam.tex:349: LaTeX Error: Invalid UTF-8 byte "C1.

See the LaTeX manual or LaTeX Companion for explanation.
Type  H <return>  for immediate help.
 ...                                              
                                                  
l.349 ...{Hiệu năng trên tổn thương nhỏ}
                                                  
The document does not appear to be in UTF-8 encoding.
Try adding \UseRawInputEncoding as the first line of the file
or specify an encoding such as \usepackage [latin1]{inputenc}
in the document preamble.
Alternatively, save the file in UTF-8 using your editor or another tool


/home/thongluc/Khóa Luận Tốt Nghiệp/PGA_Unet2D/ACCESS_latex_template_20260513-1-1/ACCESS_latex_template_20260513/access_vietnam.tex:349: LaTeX Error: Invalid UTF-8 byte "9B.

See the LaTeX manual or LaTeX Companion for explanation.
Type  H <return>  for immediate help.
 ...                                              
                                                  
l.349 ...{Hiệu năng trên tổn thương nhỏ}
                                                  
The document does not appear to be in UTF-8 encoding.
Try adding \UseRawInputEncoding as the first line of the file
or specify an encoding such as \usepackage [latin1]{inputenc}
in the document preamble.
Alternatively, save the file in UTF-8 using your editor or another tool


/home/thongluc/Khóa Luận Tốt Nghiệp/PGA_Unet2D/ACCESS_latex_template_20260513-1-1/ACCESS_latex_template_20260513/access_vietnam.tex:349: LaTeX Error: Invalid UTF-8 byte "87.

See the LaTeX manual or LaTeX Companion for explanation.
Type  H <return>  for immediate help.
 ...                                              
                                                  
l.349 ...{Hiệu năng trên tổn thương nhỏ}
                                                  
The document does not appear to be in UTF-8 encoding.
Try adding \UseRawInputEncoding as the first line of the file
or specify an encoding such as \usepackage [latin1]{inputenc}
in the document preamble.
Alternatively, save the file in UTF-8 using your editor or another tool


/home/thongluc/Khóa Luận Tốt Nghiệp/PGA_Unet2D/ACCESS_latex_template_20260513-1-1/ACCESS_latex_template_20260513/access_vietnam.tex:349: LaTeX Error: Invalid UTF-8 byte "C1.

See the LaTeX manual or LaTeX Companion for explanation.
Type  H <return>  for immediate help.
 ...                                              
                                                  
l.349 ...{Hiệu năng trên tổn thương nhỏ}
                                                  
The document does not appear to be in UTF-8 encoding.
Try adding \UseRawInputEncoding as the first line of the file
or specify an encoding such as \usepackage [latin1]{inputenc}
in the document preamble.
Alternatively, save the file in UTF-8 using your editor or another tool


/home/thongluc/Khóa Luận Tốt Nghiệp/PGA_Unet2D/ACCESS_latex_template_20260513-1-1/ACCESS_latex_template_20260513/access_vietnam.tex:349: LaTeX Error: Invalid UTF-8 byte "9B.

See the LaTeX manual or LaTeX Companion for explanation.
Type  H <return>  for immediate help.
 ...                                              
                                                  
l.349 ...{Hiệu năng trên tổn thương nhỏ}
                                                  
The document does not appear to be in UTF-8 encoding.
Try adding \UseRawInputEncoding as the first line of the file
or specify an encoding such as \usepackage [latin1]{inputenc}
in the document preamble.
Alternatively, save the file in UTF-8 using your editor or another tool


/home/thongluc/Khóa Luận Tốt Nghiệp/PGA_Unet2D/ACCESS_latex_template_20260513-1-1/ACCESS_latex_template_20260513/access_vietnam.tex:349: LaTeX Error: Invalid UTF-8 byte "95.

See the LaTeX manual or LaTeX Companion for explanation.
Type  H <return>  for immediate help.
 ...                                              
                                                  
l.349 ...{Hiệu năng trên tổn thương nhỏ}
                                                  
The document does not appear to be in UTF-8 encoding.
Try adding \UseRawInputEncoding as the first line of the file
or specify an encoding such as \usepackage [latin1]{inputenc}
in the document preamble.
Alternatively, save the file in UTF-8 using your editor or another tool


/home/thongluc/Khóa Luận Tốt Nghiệp/PGA_Unet2D/ACCESS_latex_template_20260513-1-1/ACCESS_latex_template_20260513/access_vietnam.tex:349: LaTeX Error: Unicode character Ɛ (U+0190)
               not set up for use with LaTeX.

See the LaTeX manual or LaTeX Companion for explanation.
Type  H <return>  for immediate help.
 ...                                              
                                                  
l.349 ...{Hiệu năng trên tổn thương nhỏ}
                                                  
You may provide a definition with
\DeclareUnicodeCharacter 


/home/thongluc/Khóa Luận Tốt Nghiệp/PGA_Unet2D/ACCESS_latex_template_20260513-1-1/ACCESS_latex_template_20260513/access_vietnam.tex:349: LaTeX Error: Unicode character Ɓ (U+0181)
               not set up for use with LaTeX.

See the LaTeX manual or LaTeX Companion for explanation.
Type  H <return>  for immediate help.
 ...                                              
                                                  
l.349 ...{Hiệu năng trên tổn thương nhỏ}
                                                  
You may provide a definition with
\DeclareUnicodeCharacter 


/home/thongluc/Khóa Luận Tốt Nghiệp/PGA_Unet2D/ACCESS_latex_template_20260513-1-1/ACCESS_latex_template_20260513/access_vietnam.tex:349: LaTeX Error: Invalid UTF-8 byte "C1.

See the LaTeX manual or LaTeX Companion for explanation.
Type  H <return>  for immediate help.
 ...                                              
                                                  
l.349 ...{Hiệu năng trên tổn thương nhỏ}
                                                  
The document does not appear to be in UTF-8 encoding.
Try adding \UseRawInputEncoding as the first line of the file
or specify an encoding such as \usepackage [latin1]{inputenc}
in the document preamble.
Alternatively, save the file in UTF-8 using your editor or another tool


/home/thongluc/Khóa Luận Tốt Nghiệp/PGA_Unet2D/ACCESS_latex_template_20260513-1-1/ACCESS_latex_template_20260513/access_vietnam.tex:349: LaTeX Error: Invalid UTF-8 byte "9B.

See the LaTeX manual or LaTeX Companion for explanation.
Type  H <return>  for immediate help.
 ...                                              
                                                  
l.349 ...{Hiệu năng trên tổn thương nhỏ}
                                                  
The document does not appear to be in UTF-8 encoding.
Try adding \UseRawInputEncoding as the first line of the file
or specify an encoding such as \usepackage [latin1]{inputenc}
in the document preamble.
Alternatively, save the file in UTF-8 using your editor or another tool


/home/thongluc/Khóa Luận Tốt Nghiệp/PGA_Unet2D/ACCESS_latex_template_20260513-1-1/ACCESS_latex_template_20260513/access_vietnam.tex:349: LaTeX Error: Invalid UTF-8 byte "8F.

See the LaTeX manual or LaTeX Companion for explanation.
Type  H <return>  for immediate help.
 ...                                              
                                                  
l.349 ...{Hiệu năng trên tổn thương nhỏ}
                                                  
The document does not appear to be in UTF-8 encoding.
Try adding \UseRawInputEncoding as the first line of the file
or specify an encoding such as \usepackage [latin1]{inputenc}
in the document preamble.
Alternatively, save the file in UTF-8 using your editor or another tool

<images/small_lesion_sam_pga256_pga512.png, id=45, 1565.85pt x 1011.78pt>
File: images/small_lesion_sam_pga256_pga512.png Graphic file (type png)
<use images/small_lesion_sam_pga256_pga512.png>
Package pdftex.def Info: images/small_lesion_sam_pga256_pga512.png  used on input line 375.
(pdftex.def)             Requested size: 242.67355pt x 156.7934pt.
File: notaglinelogo.png Graphic file (type png)
<use notaglinelogo.png>
Package pdftex.def Info: notaglinelogo.png  used on input line 380.
(pdftex.def)             Requested size: 91.32pt x 23.1352pt.

Overfull \hbox (505.12177pt too wide) has occurred while \output is active
[]
 []


Overfull \hbox (505.12177pt too wide) has occurred while \output is active
[]
 []


Underfull \hbox (badness 10000) has occurred while \output is active
[]
 []

[5 <./images/ablation_gaussian_vs_binary_case.png (PNG copy)>]

/home/thongluc/Khóa Luận Tốt Nghiệp/PGA_Unet2D/ACCESS_latex_template_20260513-1-1/ACCESS_latex_template_20260513/access_vietnam.tex:380: LaTeX Error: Invalid UTF-8 byte "C1.

See the LaTeX manual or LaTeX Companion for explanation.
Type  H <return>  for immediate help.
 ...                                              
                                                  
l.380 ...��p con top- và bottom-Dice của U-Net}
                                                  
The document does not appear to be in UTF-8 encoding.
Try adding \UseRawInputEncoding as the first line of the file
or specify an encoding such as \usepackage [latin1]{inputenc}
in the document preamble.
Alternatively, save the file in UTF-8 using your editor or another tool


/home/thongluc/Khóa Luận Tốt Nghiệp/PGA_Unet2D/ACCESS_latex_template_20260513-1-1/ACCESS_latex_template_20260513/access_vietnam.tex:380: LaTeX Error: Invalid UTF-8 byte "9A.

See the LaTeX manual or LaTeX Companion for explanation.
Type  H <return>  for immediate help.
 ...                                              
                                                  
l.380 ...��p con top- và bottom-Dice của U-Net}
                                                  
The document does not appear to be in UTF-8 encoding.
Try adding \UseRawInputEncoding as the first line of the file
or specify an encoding such as \usepackage [latin1]{inputenc}
in the document preamble.
Alternatively, save the file in UTF-8 using your editor or another tool


/home/thongluc/Khóa Luận Tốt Nghiệp/PGA_Unet2D/ACCESS_latex_template_20260513-1-1/ACCESS_latex_template_20260513/access_vietnam.tex:380: LaTeX Error: Invalid UTF-8 byte "8D.

See the LaTeX manual or LaTeX Companion for explanation.
Type  H <return>  for immediate help.
 ...                                              
                                                  
l.380 ...��p con top- và bottom-Dice của U-Net}
                                                  
The document does not appear to be in UTF-8 encoding.
Try adding \UseRawInputEncoding as the first line of the file
or specify an encoding such as \usepackage [latin1]{inputenc}
in the document preamble.
Alternatively, save the file in UTF-8 using your editor or another tool


/home/thongluc/Khóa Luận Tốt Nghiệp/PGA_Unet2D/ACCESS_latex_template_20260513-1-1/ACCESS_latex_template_20260513/access_vietnam.tex:380: LaTeX Error: Invalid UTF-8 byte "C1.

See the LaTeX manual or LaTeX Companion for explanation.
Type  H <return>  for immediate help.
 ...                                              
                                                  
l.380 ...��p con top- và bottom-Dice của U-Net}
                                                  
The document does not appear to be in UTF-8 encoding.
Try adding \UseRawInputEncoding as the first line of the file
or specify an encoding such as \usepackage [latin1]{inputenc}
in the document preamble.
Alternatively, save the file in UTF-8 using your editor or another tool


/home/thongluc/Khóa Luận Tốt Nghiệp/PGA_Unet2D/ACCESS_latex_template_20260513-1-1/ACCESS_latex_template_20260513/access_vietnam.tex:380: LaTeX Error: Invalid UTF-8 byte "9B.

See the LaTeX manual or LaTeX Companion for explanation.
Type  H <return>  for immediate help.
 ...                                              
                                                  
l.380 ...��p con top- và bottom-Dice của U-Net}
                                                  
The document does not appear to be in UTF-8 encoding.
Try adding \UseRawInputEncoding as the first line of the file
or specify an encoding such as \usepackage [latin1]{inputenc}
in the document preamble.
Alternatively, save the file in UTF-8 using your editor or another tool


/home/thongluc/Khóa Luận Tốt Nghiệp/PGA_Unet2D/ACCESS_latex_template_20260513-1-1/ACCESS_latex_template_20260513/access_vietnam.tex:380: LaTeX Error: Invalid UTF-8 byte "87.

See the LaTeX manual or LaTeX Companion for explanation.
Type  H <return>  for immediate help.
 ...                                              
                                                  
l.380 ...��p con top- và bottom-Dice của U-Net}
                                                  
The document does not appear to be in UTF-8 encoding.
Try adding \UseRawInputEncoding as the first line of the file
or specify an encoding such as \usepackage [latin1]{inputenc}
in the document preamble.
Alternatively, save the file in UTF-8 using your editor or another tool

<images/unet_extreme_groups_btxrd.png, id=51, 1978.39125pt x 1932.21875pt>
File: images/unet_extreme_groups_btxrd.png Graphic file (type png)
<use images/unet_extreme_groups_btxrd.png>
Package pdftex.def Info: images/unet_extreme_groups_btxrd.png  used on input line 410.
(pdftex.def)             Requested size: 242.67355pt x 236.98633pt.

/home/thongluc/Khóa Luận Tốt Nghiệp/PGA_Unet2D/ACCESS_latex_template_20260513-1-1/ACCESS_latex_template_20260513/access_vietnam.tex:415: LaTeX Error: Unicode character Ɛ (U+0190)
               not set up for use with LaTeX.

See the LaTeX manual or LaTeX Companion for explanation.
Type  H <return>  for immediate help.
 ...                                              
                                                  
l.415 \subsection{Các trường hợp còn khó}
                                                 
You may provide a definition with
\DeclareUnicodeCharacter 


/home/thongluc/Khóa Luận Tốt Nghiệp/PGA_Unet2D/ACCESS_latex_template_20260513-1-1/ACCESS_latex_template_20260513/access_vietnam.tex:415: LaTeX Error: Invalid UTF-8 byte "C1.

See the LaTeX manual or LaTeX Companion for explanation.
Type  H <return>  for immediate help.
 ...                                              
                                                  
l.415 \subsection{Các trường hợp còn khó}
                                                 
The document does not appear to be in UTF-8 encoding.
Try adding \UseRawInputEncoding as the first line of the file
or specify an encoding such as \usepackage [latin1]{inputenc}
in the document preamble.
Alternatively, save the file in UTF-8 using your editor or another tool


/home/thongluc/Khóa Luận Tốt Nghiệp/PGA_Unet2D/ACCESS_latex_template_20260513-1-1/ACCESS_latex_template_20260513/access_vietnam.tex:415: LaTeX Error: Invalid UTF-8 byte "9B.

See the LaTeX manual or LaTeX Companion for explanation.
Type  H <return>  for immediate help.
 ...                                              
                                                  
l.415 \subsection{Các trường hợp còn khó}
                                                 
The document does not appear to be in UTF-8 encoding.
Try adding \UseRawInputEncoding as the first line of the file
or specify an encoding such as \usepackage [latin1]{inputenc}
in the document preamble.
Alternatively, save the file in UTF-8 using your editor or another tool


/home/thongluc/Khóa Luận Tốt Nghiệp/PGA_Unet2D/ACCESS_latex_template_20260513-1-1/ACCESS_latex_template_20260513/access_vietnam.tex:415: LaTeX Error: Invalid UTF-8 byte "9D.

See the LaTeX manual or LaTeX Companion for explanation.
Type  H <return>  for immediate help.
 ...                                              
                                                  
l.415 \subsection{Các trường hợp còn khó}
                                                 
The document does not appear to be in UTF-8 encoding.
Try adding \UseRawInputEncoding as the first line of the file
or specify an encoding such as \usepackage [latin1]{inputenc}
in the document preamble.
Alternatively, save the file in UTF-8 using your editor or another tool


/home/thongluc/Khóa Luận Tốt Nghiệp/PGA_Unet2D/ACCESS_latex_template_20260513-1-1/ACCESS_latex_template_20260513/access_vietnam.tex:415: LaTeX Error: Invalid UTF-8 byte "C1.

See the LaTeX manual or LaTeX Companion for explanation.
Type  H <return>  for immediate help.
 ...                                              
                                                  
l.415 \subsection{Các trường hợp còn khó}
                                                 
The document does not appear to be in UTF-8 encoding.
Try adding \UseRawInputEncoding as the first line of the file
or specify an encoding such as \usepackage [latin1]{inputenc}
in the document preamble.
Alternatively, save the file in UTF-8 using your editor or another tool


/home/thongluc/Khóa Luận Tốt Nghiệp/PGA_Unet2D/ACCESS_latex_template_20260513-1-1/ACCESS_latex_template_20260513/access_vietnam.tex:415: LaTeX Error: Invalid UTF-8 byte "9B.

See the LaTeX manual or LaTeX Companion for explanation.
Type  H <return>  for immediate help.
 ...                                              
                                                  
l.415 \subsection{Các trường hợp còn khó}
                                                 
The document does not appear to be in UTF-8 encoding.
Try adding \UseRawInputEncoding as the first line of the file
or specify an encoding such as \usepackage [latin1]{inputenc}
in the document preamble.
Alternatively, save the file in UTF-8 using your editor or another tool


/home/thongluc/Khóa Luận Tốt Nghiệp/PGA_Unet2D/ACCESS_latex_template_20260513-1-1/ACCESS_latex_template_20260513/access_vietnam.tex:415: LaTeX Error: Invalid UTF-8 byte "83.

See the LaTeX manual or LaTeX Companion for explanation.
Type  H <return>  for immediate help.
 ...                                              
                                                  
l.415 \subsection{Các trường hợp còn khó}
                                                 
The document does not appear to be in UTF-8 encoding.
Try adding \UseRawInputEncoding as the first line of the file
or specify an encoding such as \usepackage [latin1]{inputenc}
in the document preamble.
Alternatively, save the file in UTF-8 using your editor or another tool

<images/failure_case_overlap.png, id=53, 1978.39125pt x 363.3575pt>
File: images/failure_case_overlap.png Graphic file (type png)
<use images/failure_case_overlap.png>
Package pdftex.def Info: images/failure_case_overlap.png  used on input line 420.
(pdftex.def)             Requested size: 242.67355pt x 44.56573pt.

/home/thongluc/Khóa Luận Tốt Nghiệp/PGA_Unet2D/ACCESS_latex_template_20260513-1-1/ACCESS_latex_template_20260513/access_vietnam.tex:425: LaTeX Error: Invalid UTF-8 byte "C1.

See the LaTeX manual or LaTeX Companion for explanation.
Type  H <return>  for immediate help.
 ...                                              
                                                  
l.425 \section{Thảo luận}
                             
The document does not appear to be in UTF-8 encoding.
Try adding \UseRawInputEncoding as the first line of the file
or specify an encoding such as \usepackage [latin1]{inputenc}
in the document preamble.
Alternatively, save the file in UTF-8 using your editor or another tool


/home/thongluc/Khóa Luận Tốt Nghiệp/PGA_Unet2D/ACCESS_latex_template_20260513-1-1/ACCESS_latex_template_20260513/access_vietnam.tex:425: LaTeX Error: Invalid UTF-8 byte "9A.

See the LaTeX manual or LaTeX Companion for explanation.
Type  H <return>  for immediate help.
 ...                                              
                                                  
l.425 \section{Thảo luận}
                             
The document does not appear to be in UTF-8 encoding.
Try adding \UseRawInputEncoding as the first line of the file
or specify an encoding such as \usepackage [latin1]{inputenc}
in the document preamble.
Alternatively, save the file in UTF-8 using your editor or another tool


/home/thongluc/Khóa Luận Tốt Nghiệp/PGA_Unet2D/ACCESS_latex_template_20260513-1-1/ACCESS_latex_template_20260513/access_vietnam.tex:425: LaTeX Error: Invalid UTF-8 byte "83.

See the LaTeX manual or LaTeX Companion for explanation.
Type  H <return>  for immediate help.
 ...                                              
                                                  
l.425 \section{Thảo luận}
                             
The document does not appear to be in UTF-8 encoding.
Try adding \UseRawInputEncoding as the first line of the file
or specify an encoding such as \usepackage [latin1]{inputenc}
in the document preamble.
Alternatively, save the file in UTF-8 using your editor or another tool


/home/thongluc/Khóa Luận Tốt Nghiệp/PGA_Unet2D/ACCESS_latex_template_20260513-1-1/ACCESS_latex_template_20260513/access_vietnam.tex:425: LaTeX Error: Invalid UTF-8 byte "C1.

See the LaTeX manual or LaTeX Companion for explanation.
Type  H <return>  for immediate help.
 ...                                              
                                                  
l.425 \section{Thảo luận}
                             
The document does not appear to be in UTF-8 encoding.
Try adding \UseRawInputEncoding as the first line of the file
or specify an encoding such as \usepackage [latin1]{inputenc}
in the document preamble.
Alternatively, save the file in UTF-8 using your editor or another tool


/home/thongluc/Khóa Luận Tốt Nghiệp/PGA_Unet2D/ACCESS_latex_template_20260513-1-1/ACCESS_latex_template_20260513/access_vietnam.tex:425: LaTeX Error: Invalid UTF-8 byte "9A.

See the LaTeX manual or LaTeX Companion for explanation.
Type  H <return>  for immediate help.
 ...                                              
                                                  
l.425 \section{Thảo luận}
                             
The document does not appear to be in UTF-8 encoding.
Try adding \UseRawInputEncoding as the first line of the file
or specify an encoding such as \usepackage [latin1]{inputenc}
in the document preamble.
Alternatively, save the file in UTF-8 using your editor or another tool


/home/thongluc/Khóa Luận Tốt Nghiệp/PGA_Unet2D/ACCESS_latex_template_20260513-1-1/ACCESS_latex_template_20260513/access_vietnam.tex:425: LaTeX Error: Invalid UTF-8 byte "8D.

See the LaTeX manual or LaTeX Companion for explanation.
Type  H <return>  for immediate help.
 ...                                              
                                                  
l.425 \section{Thảo luận}
                             
The document does not appear to be in UTF-8 encoding.
Try adding \UseRawInputEncoding as the first line of the file
or specify an encoding such as \usepackage [latin1]{inputenc}
in the document preamble.
Alternatively, save the file in UTF-8 using your editor or another tool

File: notaglinelogo.png Graphic file (type png)
<use notaglinelogo.png>
Package pdftex.def Info: notaglinelogo.png  used on input line 427.
(pdftex.def)             Requested size: 91.32pt x 23.1352pt.

Overfull \hbox (505.12177pt too wide) has occurred while \output is active
[]
 []


Overfull \hbox (505.12177pt too wide) has occurred while \output is active
[]
 []


Underfull \hbox (badness 10000) has occurred while \output is active
[]
 []

[6 <./images/small_lesion_sam_pga256_pga512.png (PNG copy)> <./images/unet_extreme_groups_btxrd.png> <./images/failure_case_overlap.png>]

/home/thongluc/Khóa Luận Tốt Nghiệp/PGA_Unet2D/ACCESS_latex_template_20260513-1-1/ACCESS_latex_template_20260513/access_vietnam.tex:434: LaTeX Error: Invalid UTF-8 byte "C1.

See the LaTeX manual or LaTeX Companion for explanation.
Type  H <return>  for immediate help.
 ...                                              
                                                  
l.434 \section{Kết luận}
                            
The document does not appear to be in UTF-8 encoding.
Try adding \UseRawInputEncoding as the first line of the file
or specify an encoding such as \usepackage [latin1]{inputenc}
in the document preamble.
Alternatively, save the file in UTF-8 using your editor or another tool


/home/thongluc/Khóa Luận Tốt Nghiệp/PGA_Unet2D/ACCESS_latex_template_20260513-1-1/ACCESS_latex_template_20260513/access_vietnam.tex:434: LaTeX Error: Invalid UTF-8 byte "9A.

See the LaTeX manual or LaTeX Companion for explanation.
Type  H <return>  for immediate help.
 ...                                              
                                                  
l.434 \section{Kết luận}
                            
The document does not appear to be in UTF-8 encoding.
Try adding \UseRawInputEncoding as the first line of the file
or specify an encoding such as \usepackage [latin1]{inputenc}
in the document preamble.
Alternatively, save the file in UTF-8 using your editor or another tool


/home/thongluc/Khóa Luận Tốt Nghiệp/PGA_Unet2D/ACCESS_latex_template_20260513-1-1/ACCESS_latex_template_20260513/access_vietnam.tex:434: LaTeX Error: Invalid UTF-8 byte "BF.

See the LaTeX manual or LaTeX Companion for explanation.
Type  H <return>  for immediate help.
 ...                                              
                                                  
l.434 \section{Kết luận}
                            
The document does not appear to be in UTF-8 encoding.
Try adding \UseRawInputEncoding as the first line of the file
or specify an encoding such as \usepackage [latin1]{inputenc}
in the document preamble.
Alternatively, save the file in UTF-8 using your editor or another tool


/home/thongluc/Khóa Luận Tốt Nghiệp/PGA_Unet2D/ACCESS_latex_template_20260513-1-1/ACCESS_latex_template_20260513/access_vietnam.tex:434: LaTeX Error: Invalid UTF-8 byte "C1.

See the LaTeX manual or LaTeX Companion for explanation.
Type  H <return>  for immediate help.
 ...                                              
                                                  
l.434 \section{Kết luận}
                            
The document does not appear to be in UTF-8 encoding.
Try adding \UseRawInputEncoding as the first line of the file
or specify an encoding such as \usepackage [latin1]{inputenc}
in the document preamble.
Alternatively, save the file in UTF-8 using your editor or another tool


/home/thongluc/Khóa Luận Tốt Nghiệp/PGA_Unet2D/ACCESS_latex_template_20260513-1-1/ACCESS_latex_template_20260513/access_vietnam.tex:434: LaTeX Error: Invalid UTF-8 byte "9A.

See the LaTeX manual or LaTeX Companion for explanation.
Type  H <return>  for immediate help.
 ...                                              
                                                  
l.434 \section{Kết luận}
                            
The document does not appear to be in UTF-8 encoding.
Try adding \UseRawInputEncoding as the first line of the file
or specify an encoding such as \usepackage [latin1]{inputenc}
in the document preamble.
Alternatively, save the file in UTF-8 using your editor or another tool


/home/thongluc/Khóa Luận Tốt Nghiệp/PGA_Unet2D/ACCESS_latex_template_20260513-1-1/ACCESS_latex_template_20260513/access_vietnam.tex:434: LaTeX Error: Invalid UTF-8 byte "8D.

See the LaTeX manual or LaTeX Companion for explanation.
Type  H <return>  for immediate help.
 ...                                              
                                                  
l.434 \section{Kết luận}
                            
The document does not appear to be in UTF-8 encoding.
Try adding \UseRawInputEncoding as the first line of the file
or specify an encoding such as \usepackage [latin1]{inputenc}
in the document preamble.
Alternatively, save the file in UTF-8 using your editor or another tool


/home/thongluc/Khóa Luận Tốt Nghiệp/PGA_Unet2D/ACCESS_latex_template_20260513-1-1/ACCESS_latex_template_20260513/access_vietnam.tex:437: LaTeX Error: Invalid UTF-8 byte "C1.

See the LaTeX manual or LaTeX Companion for explanation.
Type  H <return>  for immediate help.
 ...                                              
                                                  
l.437 ...tion*{Khả năng cung cấp dữ liệu}
                                                  
The document does not appear to be in UTF-8 encoding.
Try adding \UseRawInputEncoding as the first line of the file
or specify an encoding such as \usepackage [latin1]{inputenc}
in the document preamble.
Alternatively, save the file in UTF-8 using your editor or another tool


/home/thongluc/Khóa Luận Tốt Nghiệp/PGA_Unet2D/ACCESS_latex_template_20260513-1-1/ACCESS_latex_template_20260513/access_vietnam.tex:437: LaTeX Error: Invalid UTF-8 byte "9A.

See the LaTeX manual or LaTeX Companion for explanation.
Type  H <return>  for immediate help.
 ...                                              
                                                  
l.437 ...tion*{Khả năng cung cấp dữ liệu}
                                                  
The document does not appear to be in UTF-8 encoding.
Try adding \UseRawInputEncoding as the first line of the file
or specify an encoding such as \usepackage [latin1]{inputenc}
in the document preamble.
Alternatively, save the file in UTF-8 using your editor or another tool


/home/thongluc/Khóa Luận Tốt Nghiệp/PGA_Unet2D/ACCESS_latex_template_20260513-1-1/ACCESS_latex_template_20260513/access_vietnam.tex:437: LaTeX Error: Invalid UTF-8 byte "83.

See the LaTeX manual or LaTeX Companion for explanation.
Type  H <return>  for immediate help.
 ...                                              
                                                  
l.437 ...tion*{Khả năng cung cấp dữ liệu}
                                                  
The document does not appear to be in UTF-8 encoding.
Try adding \UseRawInputEncoding as the first line of the file
or specify an encoding such as \usepackage [latin1]{inputenc}
in the document preamble.
Alternatively, save the file in UTF-8 using your editor or another tool


/home/thongluc/Khóa Luận Tốt Nghiệp/PGA_Unet2D/ACCESS_latex_template_20260513-1-1/ACCESS_latex_template_20260513/access_vietnam.tex:437: LaTeX Error: Invalid UTF-8 byte "C1.

See the LaTeX manual or LaTeX Companion for explanation.
Type  H <return>  for immediate help.
 ...                                              
                                                  
l.437 ...tion*{Khả năng cung cấp dữ liệu}
                                                  
The document does not appear to be in UTF-8 encoding.
Try adding \UseRawInputEncoding as the first line of the file
or specify an encoding such as \usepackage [latin1]{inputenc}
in the document preamble.
Alternatively, save the file in UTF-8 using your editor or another tool


/home/thongluc/Khóa Luận Tốt Nghiệp/PGA_Unet2D/ACCESS_latex_template_20260513-1-1/ACCESS_latex_template_20260513/access_vietnam.tex:437: LaTeX Error: Invalid UTF-8 byte "9A.

See the LaTeX manual or LaTeX Companion for explanation.
Type  H <return>  for immediate help.
 ...                                              
                                                  
l.437 ...tion*{Khả năng cung cấp dữ liệu}
                                                  
The document does not appear to be in UTF-8 encoding.
Try adding \UseRawInputEncoding as the first line of the file
or specify an encoding such as \usepackage [latin1]{inputenc}
in the document preamble.
Alternatively, save the file in UTF-8 using your editor or another tool


/home/thongluc/Khóa Luận Tốt Nghiệp/PGA_Unet2D/ACCESS_latex_template_20260513-1-1/ACCESS_latex_template_20260513/access_vietnam.tex:437: LaTeX Error: Invalid UTF-8 byte "85.

See the LaTeX manual or LaTeX Companion for explanation.
Type  H <return>  for immediate help.
 ...                                              
                                                  
l.437 ...tion*{Khả năng cung cấp dữ liệu}
                                                  
The document does not appear to be in UTF-8 encoding.
Try adding \UseRawInputEncoding as the first line of the file
or specify an encoding such as \usepackage [latin1]{inputenc}
in the document preamble.
Alternatively, save the file in UTF-8 using your editor or another tool


/home/thongluc/Khóa Luận Tốt Nghiệp/PGA_Unet2D/ACCESS_latex_template_20260513-1-1/ACCESS_latex_template_20260513/access_vietnam.tex:437: LaTeX Error: Invalid UTF-8 byte "C1.

See the LaTeX manual or LaTeX Companion for explanation.
Type  H <return>  for immediate help.
 ...                                              
                                                  
l.437 ...tion*{Khả năng cung cấp dữ liệu}
                                                  
The document does not appear to be in UTF-8 encoding.
Try adding \UseRawInputEncoding as the first line of the file
or specify an encoding such as \usepackage [latin1]{inputenc}
in the document preamble.
Alternatively, save the file in UTF-8 using your editor or another tool


/home/thongluc/Khóa Luận Tốt Nghiệp/PGA_Unet2D/ACCESS_latex_template_20260513-1-1/ACCESS_latex_template_20260513/access_vietnam.tex:437: LaTeX Error: Invalid UTF-8 byte "9B.

See the LaTeX manual or LaTeX Companion for explanation.
Type  H <return>  for immediate help.
 ...                                              
                                                  
l.437 ...tion*{Khả năng cung cấp dữ liệu}
                                                  
The document does not appear to be in UTF-8 encoding.
Try adding \UseRawInputEncoding as the first line of the file
or specify an encoding such as \usepackage [latin1]{inputenc}
in the document preamble.
Alternatively, save the file in UTF-8 using your editor or another tool


/home/thongluc/Khóa Luận Tốt Nghiệp/PGA_Unet2D/ACCESS_latex_template_20260513-1-1/ACCESS_latex_template_20260513/access_vietnam.tex:437: LaTeX Error: Invalid UTF-8 byte "8F.

See the LaTeX manual or LaTeX Companion for explanation.
Type  H <return>  for immediate help.
 ...                                              
                                                  
l.437 ...tion*{Khả năng cung cấp dữ liệu}
                                                  
The document does not appear to be in UTF-8 encoding.
Try adding \UseRawInputEncoding as the first line of the file
or specify an encoding such as \usepackage [latin1]{inputenc}
in the document preamble.
Alternatively, save the file in UTF-8 using your editor or another tool


/home/thongluc/Khóa Luận Tốt Nghiệp/PGA_Unet2D/ACCESS_latex_template_20260513-1-1/ACCESS_latex_template_20260513/access_vietnam.tex:437: LaTeX Error: Invalid UTF-8 byte "C1.

See the LaTeX manual or LaTeX Companion for explanation.
Type  H <return>  for immediate help.
 ...                                              
                                                  
l.437 ...tion*{Khả năng cung cấp dữ liệu}
                                                  
The document does not appear to be in UTF-8 encoding.
Try adding \UseRawInputEncoding as the first line of the file
or specify an encoding such as \usepackage [latin1]{inputenc}
in the document preamble.
Alternatively, save the file in UTF-8 using your editor or another tool


/home/thongluc/Khóa Luận Tốt Nghiệp/PGA_Unet2D/ACCESS_latex_template_20260513-1-1/ACCESS_latex_template_20260513/access_vietnam.tex:437: LaTeX Error: Invalid UTF-8 byte "9B.

See the LaTeX manual or LaTeX Companion for explanation.
Type  H <return>  for immediate help.
 ...                                              
                                                  
l.437 ...tion*{Khả năng cung cấp dữ liệu}
                                                  
The document does not appear to be in UTF-8 encoding.
Try adding \UseRawInputEncoding as the first line of the file
or specify an encoding such as \usepackage [latin1]{inputenc}
in the document preamble.
Alternatively, save the file in UTF-8 using your editor or another tool


/home/thongluc/Khóa Luận Tốt Nghiệp/PGA_Unet2D/ACCESS_latex_template_20260513-1-1/ACCESS_latex_template_20260513/access_vietnam.tex:437: LaTeX Error: Invalid UTF-8 byte "87.

See the LaTeX manual or LaTeX Companion for explanation.
Type  H <return>  for immediate help.
 ...                                              
                                                  
l.437 ...tion*{Khả năng cung cấp dữ liệu}
                                                  
The document does not appear to be in UTF-8 encoding.
Try adding \UseRawInputEncoding as the first line of the file
or specify an encoding such as \usepackage [latin1]{inputenc}
in the document preamble.
Alternatively, save the file in UTF-8 using your editor or another tool


/home/thongluc/Khóa Luận Tốt Nghiệp/PGA_Unet2D/ACCESS_latex_template_20260513-1-1/ACCESS_latex_template_20260513/access_vietnam.tex:440: LaTeX Error: Invalid UTF-8 byte "C1.

See the LaTeX manual or LaTeX Companion for explanation.
Type  H <return>  for immediate help.
 ...                                              
                                                  
l.440 \section*{Đóng góp của tác giả}
                                             
The document does not appear to be in UTF-8 encoding.
Try adding \UseRawInputEncoding as the first line of the file
or specify an encoding such as \usepackage [latin1]{inputenc}
in the document preamble.
Alternatively, save the file in UTF-8 using your editor or another tool


/home/thongluc/Khóa Luận Tốt Nghiệp/PGA_Unet2D/ACCESS_latex_template_20260513-1-1/ACCESS_latex_template_20260513/access_vietnam.tex:440: LaTeX Error: Invalid UTF-8 byte "9B.

See the LaTeX manual or LaTeX Companion for explanation.
Type  H <return>  for immediate help.
 ...                                              
                                                  
l.440 \section*{Đóng góp của tác giả}
                                             
The document does not appear to be in UTF-8 encoding.
Try adding \UseRawInputEncoding as the first line of the file
or specify an encoding such as \usepackage [latin1]{inputenc}
in the document preamble.
Alternatively, save the file in UTF-8 using your editor or another tool


/home/thongluc/Khóa Luận Tốt Nghiệp/PGA_Unet2D/ACCESS_latex_template_20260513-1-1/ACCESS_latex_template_20260513/access_vietnam.tex:440: LaTeX Error: Invalid UTF-8 byte "87.

See the LaTeX manual or LaTeX Companion for explanation.
Type  H <return>  for immediate help.
 ...                                              
                                                  
l.440 \section*{Đóng góp của tác giả}
                                             
The document does not appear to be in UTF-8 encoding.
Try adding \UseRawInputEncoding as the first line of the file
or specify an encoding such as \usepackage [latin1]{inputenc}
in the document preamble.
Alternatively, save the file in UTF-8 using your editor or another tool


/home/thongluc/Khóa Luận Tốt Nghiệp/PGA_Unet2D/ACCESS_latex_template_20260513-1-1/ACCESS_latex_template_20260513/access_vietnam.tex:440: LaTeX Error: Invalid UTF-8 byte "C1.

See the LaTeX manual or LaTeX Companion for explanation.
Type  H <return>  for immediate help.
 ...                                              
                                                  
l.440 \section*{Đóng góp của tác giả}
                                             
The document does not appear to be in UTF-8 encoding.
Try adding \UseRawInputEncoding as the first line of the file
or specify an encoding such as \usepackage [latin1]{inputenc}
in the document preamble.
Alternatively, save the file in UTF-8 using your editor or another tool


/home/thongluc/Khóa Luận Tốt Nghiệp/PGA_Unet2D/ACCESS_latex_template_20260513-1-1/ACCESS_latex_template_20260513/access_vietnam.tex:440: LaTeX Error: Invalid UTF-8 byte "9A.

See the LaTeX manual or LaTeX Companion for explanation.
Type  H <return>  for immediate help.
 ...                                              
                                                  
l.440 \section*{Đóng góp của tác giả}
                                             
The document does not appear to be in UTF-8 encoding.
Try adding \UseRawInputEncoding as the first line of the file
or specify an encoding such as \usepackage [latin1]{inputenc}
in the document preamble.
Alternatively, save the file in UTF-8 using your editor or another tool


/home/thongluc/Khóa Luận Tốt Nghiệp/PGA_Unet2D/ACCESS_latex_template_20260513-1-1/ACCESS_latex_template_20260513/access_vietnam.tex:440: LaTeX Error: Invalid UTF-8 byte "83.

See the LaTeX manual or LaTeX Companion for explanation.
Type  H <return>  for immediate help.
 ...                                              
                                                  
l.440 \section*{Đóng góp của tác giả}
                                             
The document does not appear to be in UTF-8 encoding.
Try adding \UseRawInputEncoding as the first line of the file
or specify an encoding such as \usepackage [latin1]{inputenc}
in the document preamble.
Alternatively, save the file in UTF-8 using your editor or another tool


/home/thongluc/Khóa Luận Tốt Nghiệp/PGA_Unet2D/ACCESS_latex_template_20260513-1-1/ACCESS_latex_template_20260513/access_vietnam.tex:443: LaTeX Error: Invalid UTF-8 byte "C1.

See the LaTeX manual or LaTeX Companion for explanation.
Type  H <return>  for immediate help.
 ...                                              
                                                  
l.443 \section*{Tuyên bố đạo đức}
                                          
The document does not appear to be in UTF-8 encoding.
Try adding \UseRawInputEncoding as the first line of the file
or specify an encoding such as \usepackage [latin1]{inputenc}
in the document preamble.
Alternatively, save the file in UTF-8 using your editor or another tool


/home/thongluc/Khóa Luận Tốt Nghiệp/PGA_Unet2D/ACCESS_latex_template_20260513-1-1/ACCESS_latex_template_20260513/access_vietnam.tex:443: LaTeX Error: Invalid UTF-8 byte "9B.

See the LaTeX manual or LaTeX Companion for explanation.
Type  H <return>  for immediate help.
 ...                                              
                                                  
l.443 \section*{Tuyên bố đạo đức}
                                          
The document does not appear to be in UTF-8 encoding.
Try adding \UseRawInputEncoding as the first line of the file
or specify an encoding such as \usepackage [latin1]{inputenc}
in the document preamble.
Alternatively, save the file in UTF-8 using your editor or another tool


/home/thongluc/Khóa Luận Tốt Nghiệp/PGA_Unet2D/ACCESS_latex_template_20260513-1-1/ACCESS_latex_template_20260513/access_vietnam.tex:443: LaTeX Error: Invalid UTF-8 byte "91.

See the LaTeX manual or LaTeX Companion for explanation.
Type  H <return>  for immediate help.
 ...                                              
                                                  
l.443 \section*{Tuyên bố đạo đức}
                                          
The document does not appear to be in UTF-8 encoding.
Try adding \UseRawInputEncoding as the first line of the file
or specify an encoding such as \usepackage [latin1]{inputenc}
in the document preamble.
Alternatively, save the file in UTF-8 using your editor or another tool


/home/thongluc/Khóa Luận Tốt Nghiệp/PGA_Unet2D/ACCESS_latex_template_20260513-1-1/ACCESS_latex_template_20260513/access_vietnam.tex:443: LaTeX Error: Invalid UTF-8 byte "C1.

See the LaTeX manual or LaTeX Companion for explanation.
Type  H <return>  for immediate help.
 ...                                              
                                                  
l.443 \section*{Tuyên bố đạo đức}
                                          
The document does not appear to be in UTF-8 encoding.
Try adding \UseRawInputEncoding as the first line of the file
or specify an encoding such as \usepackage [latin1]{inputenc}
in the document preamble.
Alternatively, save the file in UTF-8 using your editor or another tool


/home/thongluc/Khóa Luận Tốt Nghiệp/PGA_Unet2D/ACCESS_latex_template_20260513-1-1/ACCESS_latex_template_20260513/access_vietnam.tex:443: LaTeX Error: Invalid UTF-8 byte "9A.

See the LaTeX manual or LaTeX Companion for explanation.
Type  H <return>  for immediate help.
 ...                                              
                                                  
l.443 \section*{Tuyên bố đạo đức}
                                          
The document does not appear to be in UTF-8 encoding.
Try adding \UseRawInputEncoding as the first line of the file
or specify an encoding such as \usepackage [latin1]{inputenc}
in the document preamble.
Alternatively, save the file in UTF-8 using your editor or another tool


/home/thongluc/Khóa Luận Tốt Nghiệp/PGA_Unet2D/ACCESS_latex_template_20260513-1-1/ACCESS_latex_template_20260513/access_vietnam.tex:443: LaTeX Error: Invalid UTF-8 byte "81.

See the LaTeX manual or LaTeX Companion for explanation.
Type  H <return>  for immediate help.
 ...                                              
                                                  
l.443 \section*{Tuyên bố đạo đức}
                                          
The document does not appear to be in UTF-8 encoding.
Try adding \UseRawInputEncoding as the first line of the file
or specify an encoding such as \usepackage [latin1]{inputenc}
in the document preamble.
Alternatively, save the file in UTF-8 using your editor or another tool


/home/thongluc/Khóa Luận Tốt Nghiệp/PGA_Unet2D/ACCESS_latex_template_20260513-1-1/ACCESS_latex_template_20260513/access_vietnam.tex:443: LaTeX Error: Invalid UTF-8 byte "C1.

See the LaTeX manual or LaTeX Companion for explanation.
Type  H <return>  for immediate help.
 ...                                              
                                                  
l.443 \section*{Tuyên bố đạo đức}
                                          
The document does not appear to be in UTF-8 encoding.
Try adding \UseRawInputEncoding as the first line of the file
or specify an encoding such as \usepackage [latin1]{inputenc}
in the document preamble.
Alternatively, save the file in UTF-8 using your editor or another tool


/home/thongluc/Khóa Luận Tốt Nghiệp/PGA_Unet2D/ACCESS_latex_template_20260513-1-1/ACCESS_latex_template_20260513/access_vietnam.tex:443: LaTeX Error: Invalid UTF-8 byte "9B.

See the LaTeX manual or LaTeX Companion for explanation.
Type  H <return>  for immediate help.
 ...                                              
                                                  
l.443 \section*{Tuyên bố đạo đức}
                                          
The document does not appear to be in UTF-8 encoding.
Try adding \UseRawInputEncoding as the first line of the file
or specify an encoding such as \usepackage [latin1]{inputenc}
in the document preamble.
Alternatively, save the file in UTF-8 using your editor or another tool


/home/thongluc/Khóa Luận Tốt Nghiệp/PGA_Unet2D/ACCESS_latex_template_20260513-1-1/ACCESS_latex_template_20260513/access_vietnam.tex:443: LaTeX Error: Invalid UTF-8 byte "89.

See the LaTeX manual or LaTeX Companion for explanation.
Type  H <return>  for immediate help.
 ...                                              
                                                  
l.443 \section*{Tuyên bố đạo đức}
                                          
The document does not appear to be in UTF-8 encoding.
Try adding \UseRawInputEncoding as the first line of the file
or specify an encoding such as \usepackage [latin1]{inputenc}
in the document preamble.
Alternatively, save the file in UTF-8 using your editor or another tool


/home/thongluc/Khóa Luận Tốt Nghiệp/PGA_Unet2D/ACCESS_latex_template_20260513-1-1/ACCESS_latex_template_20260513/access_vietnam.tex:446: LaTeX Error: Invalid UTF-8 byte "C1.

See the LaTeX manual or LaTeX Companion for explanation.
Type  H <return>  for immediate help.
 ...                                              
                                                  
l.446 \section*{Lời cảm ơn}
                                
The document does not appear to be in UTF-8 encoding.
Try adding \UseRawInputEncoding as the first line of the file
or specify an encoding such as \usepackage [latin1]{inputenc}
in the document preamble.
Alternatively, save the file in UTF-8 using your editor or another tool


/home/thongluc/Khóa Luận Tốt Nghiệp/PGA_Unet2D/ACCESS_latex_template_20260513-1-1/ACCESS_latex_template_20260513/access_vietnam.tex:446: LaTeX Error: Invalid UTF-8 byte "9B.

See the LaTeX manual or LaTeX Companion for explanation.
Type  H <return>  for immediate help.
 ...                                              
                                                  
l.446 \section*{Lời cảm ơn}
                                
The document does not appear to be in UTF-8 encoding.
Try adding \UseRawInputEncoding as the first line of the file
or specify an encoding such as \usepackage [latin1]{inputenc}
in the document preamble.
Alternatively, save the file in UTF-8 using your editor or another tool


/home/thongluc/Khóa Luận Tốt Nghiệp/PGA_Unet2D/ACCESS_latex_template_20260513-1-1/ACCESS_latex_template_20260513/access_vietnam.tex:446: LaTeX Error: Invalid UTF-8 byte "9D.

See the LaTeX manual or LaTeX Companion for explanation.
Type  H <return>  for immediate help.
 ...                                              
                                                  
l.446 \section*{Lời cảm ơn}
                                
The document does not appear to be in UTF-8 encoding.
Try adding \UseRawInputEncoding as the first line of the file
or specify an encoding such as \usepackage [latin1]{inputenc}
in the document preamble.
Alternatively, save the file in UTF-8 using your editor or another tool


/home/thongluc/Khóa Luận Tốt Nghiệp/PGA_Unet2D/ACCESS_latex_template_20260513-1-1/ACCESS_latex_template_20260513/access_vietnam.tex:446: LaTeX Error: Invalid UTF-8 byte "C1.

See the LaTeX manual or LaTeX Companion for explanation.
Type  H <return>  for immediate help.
 ...                                              
                                                  
l.446 \section*{Lời cảm ơn}
                                
The document does not appear to be in UTF-8 encoding.
Try adding \UseRawInputEncoding as the first line of the file
or specify an encoding such as \usepackage [latin1]{inputenc}
in the document preamble.
Alternatively, save the file in UTF-8 using your editor or another tool


/home/thongluc/Khóa Luận Tốt Nghiệp/PGA_Unet2D/ACCESS_latex_template_20260513-1-1/ACCESS_latex_template_20260513/access_vietnam.tex:446: LaTeX Error: Invalid UTF-8 byte "9A.

See the LaTeX manual or LaTeX Companion for explanation.
Type  H <return>  for immediate help.
 ...                                              
                                                  
l.446 \section*{Lời cảm ơn}
                                
The document does not appear to be in UTF-8 encoding.
Try adding \UseRawInputEncoding as the first line of the file
or specify an encoding such as \usepackage [latin1]{inputenc}
in the document preamble.
Alternatively, save the file in UTF-8 using your editor or another tool


/home/thongluc/Khóa Luận Tốt Nghiệp/PGA_Unet2D/ACCESS_latex_template_20260513-1-1/ACCESS_latex_template_20260513/access_vietnam.tex:446: LaTeX Error: Invalid UTF-8 byte "83.

See the LaTeX manual or LaTeX Companion for explanation.
Type  H <return>  for immediate help.
 ...                                              
                                                  
l.446 \section*{Lời cảm ơn}
                                
The document does not appear to be in UTF-8 encoding.
Try adding \UseRawInputEncoding as the first line of the file
or specify an encoding such as \usepackage [latin1]{inputenc}
in the document preamble.
Alternatively, save the file in UTF-8 using your editor or another tool


/home/thongluc/Khóa Luận Tốt Nghiệp/PGA_Unet2D/ACCESS_latex_template_20260513-1-1/ACCESS_latex_template_20260513/access_vietnam.tex:446: LaTeX Error: Unicode character Ɓ (U+0181)
               not set up for use with LaTeX.

See the LaTeX manual or LaTeX Companion for explanation.
Type  H <return>  for immediate help.
 ...                                              
                                                  
l.446 \section*{Lời cảm ơn}
                                
You may provide a definition with
\DeclareUnicodeCharacter 


LaTeX Font Warning: Font shape `T5/times/m/it' undefined
(Font)              using `T5/times/m/n' instead on input line 450.


Underfull \hbox (badness 4647) in paragraph at lines 457--458
[]\T5/times/m/it/7.61 I. Abedeen et al., ``FracAtlas: A Dataset for Fracture
 []

File: notaglinelogo.png Graphic file (type png)
<use notaglinelogo.png>
Package pdftex.def Info: notaglinelogo.png  used on input line 461.
(pdftex.def)             Requested size: 91.32pt x 23.1352pt.

Overfull \hbox (505.12177pt too wide) has occurred while \output is active
[]
 []


Overfull \hbox (505.12177pt too wide) has occurred while \output is active
[]
 []


Underfull \hbox (badness 10000) has occurred while \output is active
[]
 []

[7]
<images/author_thong_luc.jpg, id=64, 387.4475pt x 393.47pt>
File: images/author_thong_luc.jpg Graphic file (type jpg)
<use images/author_thong_luc.jpg>
Package pdftex.def Info: images/author_thong_luc.jpg  used on input line 461.
(pdftex.def)             Requested size: 72.26785pt x 73.39119pt.
File: images/author_thong_luc.jpg Graphic file (type jpg)
<use images/author_thong_luc.jpg>
Package pdftex.def Info: images/author_thong_luc.jpg  used on input line 461.
(pdftex.def)             Requested size: 72.26785pt x 73.39119pt.
File: bullet.png Graphic file (type png)
<use bullet.png>
Package pdftex.def Info: bullet.png  used on input line 473.
(pdftex.def)             Requested size: 4.99878pt x 14.68387pt.
File: notaglinelogo.png Graphic file (type png)
<use notaglinelogo.png>
Package pdftex.def Info: notaglinelogo.png  used on input line 474.
(pdftex.def)             Requested size: 91.32pt x 23.1352pt.

Overfull \hbox (505.12177pt too wide) has occurred while \output is active
[]
 []


Overfull \hbox (505.12177pt too wide) has occurred while \output is active
[]
 []


Underfull \hbox (badness 10000) has occurred while \output is active
[]
 []

[8

 <./images/author_thong_luc.jpg>] (./access_vietnam.aux)
 ***********
LaTeX2e <2023-11-01> patch level 1
L3 programming layer <2024-01-22>
 ***********


LaTeX Font Warning: Some font shapes were not available, defaults substituted.


LaTeX Warning: There were undefined references.


LaTeX Warning: Label(s) may have changed. Rerun to get cross-references right.

 ) 
Here is how much of TeX's memory you used:
 6592 strings out of 475670
 104844 string characters out of 5784921
 1949975 words of memory out of 5000000
 28602 multiletter control sequences out of 15000+600000
 734919 words of font info for 215 fonts, out of 8000000 for 9000
 264 hyphenation exceptions out of 8191
 72i,13n,79p,2180b,492s stack positions out of 10000i,1000n,20000p,200000b,200000s
</usr/share/texlive/texmf-dist/fonts/type1/public/amsfonts/cm/cmbx10.pfb></usr/share/texlive/texmf-dist/fonts/type1/public/amsfonts/cm/cmex10.pfb></usr/share/texlive/texmf-dist/fonts/type1/public/amsfonts/cm/cmmi10.pfb></usr/share/texlive/texmf-dist/fonts/type1/public/amsfonts/cm/cmr10.pfb></usr/share/texlive/texmf-dist/fonts/type1/public/amsfonts/cm/cmr7.pfb></usr/share/texlive/texmf-dist/fonts/type1/public/amsfonts/cm/cmr8.pfb></usr/share/texlive/texmf-dist/fonts/type1/public/amsfonts/cm/cmsy10.pfb></usr/share/texlive/texmf-dist/fonts/type1/public/amsfonts/cm/cmsy7.pfb></usr/share/texlive/texmf-dist/fonts/type1/public/amsfonts/cm/cmsy8.pfb></usr/share/texlive/texmf-dist/fonts/type1/public/amsfonts/symbols/msbm10.pfb><./t1-formata-medium.pfb><./t1-formata-regular.pfb><./t1-times-bold.pfb><./t1-times-italic.pfb></home/thongluc/texmf/fonts/type1/vntex/vnr/vnb10.pfb></home/thongluc/texmf/fonts/type1/vntex/vnr/vnr10.pfb></home/thongluc/texmf/fonts/type1/vntex/vnr/vnr5.pfb></home/thongluc/texmf/fonts/type1/vntex/vnr/vnr7.pfb></home/thongluc/texmf/fonts/type1/vntex/vnr/vnr8.pfb></home/thongluc/texmf/fonts/type1/vntex/vnr/vnss10.pfb></home/thongluc/texmf/fonts/type1/vntex/vnr/vnss8.pfb></home/thongluc/texmf/fonts/type1/vntex/vnr/vnssbx10.pfb></home/thongluc/texmf/fonts/type1/vntex/vnr/vnssi8.pfb></home/thongluc/texmf/fonts/type1/vntex/vnr/vnssi9.pfb></home/thongluc/texmf/fonts/type1/vntex/vnr/vnti7.pfb>
Output written on access_vietnam.pdf (8 pages, 5877486 bytes).
PDF statistics:
 174 PDF objects out of 1000 (max. 8388607)
 99 compressed objects within 1 object stream
 0 named destinations out of 1000 (max. 500000)
 71 words of extra memory for PDF output out of 10000 (max. 10000000)

